25 (2860)
29 (3181)
3 (2839)
34 (3040)
36 (3099)
40 (3170)
42 (2714)
44 (2612)
48 (3013)
5 (2971)
52 (3185)
56 (3021)
58 (3195)
60 (3149)
62 (3060)
64 (2631)
66 (3021)
7 (3076)
9 (2874)
25 29 (2848)
25 34 (2712)
25 36 (2794)
25 40 (2834)
25 48 (2749)
25 5 (2649)
25 52 (2850)
25 56 (2697)
25 58 (2859)
25 60 (2832)
25 62 (2738)
25 66 (2715)
25 7 (2743)
29 3 (2839)
29 34 (3036)
29 36 (3084)
29 40 (3155)
29 42 (2702)
29 48 (2998)
29 5 (2964)
29 52 (3170)
29 56 (3006)
29 58 (3180)
29 60 (3136)
29 62 (3045)
29 64 (2616)
29 66 (3013)
29 7 (3069)
29 9 (2866)
3 34 (2706)
3 36 (2746)
3 40 (2813)
3 48 (2672)
3 5 (2639)
3 52 (2830)
3 56 (2704)
3 58 (2839)
3 60 (2805)
3 62 (2724)
3 66 (2703)
3 7 (2765)
34 36 (2943)
34 40 (3017)
34 42 (2602)
34 48 (2857)
34 5 (2889)
34 52 (3031)
34 56 (2884)
34 58 (3039)
34 60 (2995)
34 62 (2913)
34 66 (2886)
34 7 (2930)
34 9 (2753)
36 40 (3073)
36 42 (2626)
36 48 (2987)
36 5 (2874)
36 52 (3088)
36 56 (2924)
36 58 (3098)
36 60 (3052)
36 62 (2963)
36 66 (2924)
36 7 (2979)
36 9 (2777)
40 42 (2697)
40 48 (2987)
40 5 (2950)
40 52 (3159)
40 56 (2996)
40 58 (3169)
40 60 (3124)
40 62 (3045)
40 64 (2630)
40 66 (2997)
40 7 (3050)
40 9 (2852)
42 52 (2708)
42 58 (2713)
42 60 (2688)
42 66 (2612)
42 7 (2603)
44 52 (2601)
44 58 (2611)
48 5 (2788)
48 52 (3002)
48 56 (2838)
48 58 (3012)
48 60 (2986)
48 62 (2877)
48 66 (2873)
48 7 (2893)
48 9 (2691)
5 52 (2960)
5 56 (2803)
5 58 (2970)
5 60 (2924)
5 62 (2859)
5 66 (2832)
5 7 (2859)
5 9 (2683)
52 56 (3016)
52 58 (3184)
52 60 (3138)
52 62 (3049)
52 64 (2630)
52 66 (3010)
52 7 (3065)
52 9 (2866)
56 58 (3020)
56 60 (2974)
56 62 (2923)
56 66 (2846)
56 7 (2919)
56 9 (2752)
58 60 (3148)
58 62 (3060)
58 64 (2630)
58 66 (3020)
58 7 (3075)
58 9 (2873)
60 62 (3014)
60 66 (3021)
60 7 (3031)
60 9 (2835)
62 66 (2892)
62 7 (2940)
62 9 (2750)
66 7 (2906)
66 9 (2715)
7 9 (2755)
25 29 34 (2708)
25 29 36 (2782)
25 29 40 (2822)
25 29 48 (2737)
25 29 5 (2645)
25 29 52 (2838)
25 29 56 (2685)
25 29 58 (2847)
25 29 60 (2820)
25 29 62 (2726)
25 29 66 (2707)
25 29 7 (2737)
25 34 36 (2646)
25 34 40 (2689)
25 34 48 (2601)
25 34 52 (2704)
25 34 58 (2711)
25 34 60 (2684)
25 34 7 (2603)
25 36 40 (2768)
25 36 48 (2730)
25 36 52 (2784)
25 36 56 (2631)
25 36 58 (2793)
25 36 60 (2766)
25 36 62 (2672)
25 36 66 (2649)
25 36 7 (2677)
25 40 48 (2723)
25 40 5 (2628)
25 40 52 (2824)
25 40 56 (2672)
25 40 58 (2833)
25 40 60 (2807)
25 40 62 (2723)
25 40 66 (2691)
25 40 7 (2717)
25 48 52 (2739)
25 48 58 (2748)
25 48 60 (2731)
25 48 62 (2627)
25 48 66 (2621)
25 48 7 (2632)
25 5 52 (2639)
25 5 58 (2648)
25 5 60 (2621)
25 52 56 (2693)
25 52 58 (2849)
25 52 60 (2822)
25 52 62 (2728)
25 52 66 (2705)
25 52 7 (2733)
25 56 58 (2696)
25 56 60 (2669)
25 56 62 (2609)
25 58 60 (2831)
25 58 62 (2738)
25 58 66 (2714)
25 58 7 (2742)
25 60 62 (2711)
25 60 66 (2715)
25 60 7 (2715)
25 62 66 (2600)
25 62 7 (2621)
25 66 7 (2600)
29 3 34 (2706)
29 3 36 (2746)
29 3 40 (2813)
29 3 48 (2672)
29 3 5 (2639)
29 3 52 (2830)
29 3 56 (2704)
29 3 58 (2839)
29 3 60 (2805)
29 3 62 (2724)
29 3 66 (2703)
29 3 7 (2765)
29 34 36 (2939)
29 34 40 (3013)
29 34 48 (2853)
29 34 5 (2885)
29 34 52 (3027)
29 34 56 (2880)
29 34 58 (3035)
29 34 60 (2991)
29 34 62 (2909)
29 34 66 (2882)
29 34 7 (2928)
29 34 9 (2751)
29 36 40 (3058)
29 36 42 (2614)
29 36 48 (2972)
29 36 5 (2867)
29 36 52 (3073)
29 36 56 (2909)
29 36 58 (3083)
29 36 60 (3039)
29 36 62 (2948)
29 36 66 (2916)
29 36 7 (2972)
29 36 9 (2769)
29 40 42 (2685)
29 40 48 (2972)
29 40 5 (2943)
29 40 52 (3144)
29 40 56 (2981)
29 40 58 (3154)
29 40 60 (3111)
29 40 62 (3030)
29 40 64 (2615)
29 40 66 (2989)
29 40 7 (3043)
29 40 9 (2844)
29 42 52 (2696)
29 42 58 (2701)
29 42 60 (2678)
29 42 66 (2604)
29 48 5 (2781)
29 48 52 (2987)
29 48 56 (2823)
29 48 58 (2997)
29 48 60 (2973)
29 48 62 (2862)
29 48 66 (2865)
29 48 7 (2886)
29 48 9 (2683)
29 5 52 (2953)
29 5 56 (2796)
29 5 58 (2963)
29 5 60 (2919)
29 5 62 (2852)
29 5 66 (2828)
29 5 7 (2856)
29 5 9 (2679)
29 52 56 (3001)
29 52 58 (3169)
29 52 60 (3125)
29 52 62 (3034)
29 52 64 (2615)
29 52 66 (3002)
29 52 7 (3058)
29 52 9 (2858)
29 56 58 (3005)
29 56 60 (2961)
29 56 62 (2908)
29 56 66 (2838)
29 56 7 (2912)
29 56 9 (2744)
29 58 60 (3135)
29 58 62 (3045)
29 58 64 (2615)
29 58 66 (3012)
29 58 7 (3068)
29 58 9 (2865)
29 60 62 (3001)
29 60 66 (3013)
29 60 7 (3024)
29 60 9 (2829)
29 62 66 (2884)
29 62 7 (2933)
29 62 9 (2742)
29 66 7 (2902)
29 66 9 (2711)
29 7 9 (2755)
3 34 36 (2613)
3 34 40 (2683)
3 34 52 (2699)
3 34 58 (2706)
3 34 60 (2672)
3 34 62 (2600)
3 34 7 (2632)
3 36 40 (2720)
3 36 48 (2646)
3 36 52 (2737)
3 36 56 (2611)
3 36 58 (2746)
3 36 60 (2712)
3 36 62 (2631)
3 36 66 (2610)
3 36 7 (2672)
3 40 48 (2646)
3 40 5 (2618)
3 40 52 (2804)
3 40 56 (2679)
3 40 58 (2813)
3 40 60 (2780)
3 40 62 (2709)
3 40 66 (2679)
3 40 7 (2739)
3 48 52 (2663)
3 48 58 (2672)
3 48 60 (2650)
3 5 52 (2630)
3 5 58 (2639)
3 5 60 (2605)
3 52 56 (2700)
3 52 58 (2830)
3 52 60 (2796)
3 52 62 (2715)
3 52 66 (2694)
3 52 7 (2756)
3 56 58 (2704)
3 56 60 (2670)
3 56 62 (2627)
3 56 7 (2630)
3 58 60 (2805)
3 58 62 (2724)
3 58 66 (2703)
3 58 7 (2765)
3 60 62 (2691)
3 60 66 (2703)
3 60 7 (2731)
3 62 7 (2650)
3 66 7 (2630)
34 36 40 (2920)
34 36 48 (2831)
34 36 5 (2792)
34 36 52 (2934)
34 36 56 (2787)
34 36 58 (2942)
34 36 60 (2898)
34 36 62 (2816)
34 36 66 (2789)
34 36 7 (2833)
34 36 9 (2656)
34 40 48 (2834)
34 40 5 (2870)
34 40 52 (3008)
34 40 56 (2861)
34 40 58 (3016)
34 40 60 (2973)
34 40 62 (2901)
34 40 66 (2865)
34 40 7 (2907)
34 40 9 (2733)
34 42 58 (2601)
34 48 5 (2706)
34 48 52 (2848)
34 48 56 (2701)
34 48 58 (2856)
34 48 60 (2832)
34 48 62 (2730)
34 48 66 (2738)
34 48 7 (2747)
34 5 52 (2880)
34 5 56 (2736)
34 5 58 (2888)
34 5 60 (2844)
34 5 62 (2778)
34 5 66 (2753)
34 5 7 (2783)
34 5 9 (2622)
34 52 56 (2879)
34 52 58 (3030)
34 52 60 (2986)
34 52 62 (2904)
34 52 66 (2877)
34 52 7 (2921)
34 52 9 (2745)
34 56 58 (2883)
34 56 60 (2839)
34 56 62 (2791)
34 56 66 (2730)
34 56 7 (2790)
34 56 9 (2637)
34 58 60 (2994)
34 58 62 (2913)
34 58 66 (2885)
34 58 7 (2929)
34 58 9 (2752)
34 60 62 (2869)
34 60 66 (2886)
34 60 7 (2885)
34 60 9 (2716)
34 62 66 (2766)
34 62 7 (2803)
34 62 9 (2637)
34 66 7 (2777)
34 66 9 (2610)
34 7 9 (2644)
36 40 42 (2609)
36 40 48 (2961)
36 40 5 (2853)
36 40 52 (3062)
36 40 56 (2899)
36 40 58 (3072)
36 40 60 (3027)
36 40 62 (2948)
36 40 66 (2900)
36 40 7 (2953)
36 40 9 (2755)
36 42 52 (2620)
36 42 58 (2625)
36 42 60 (2600)
36 48 5 (2762)
36 48 52 (2976)
36 48 56 (2812)
36 48 58 (2986)
36 48 60 (2960)
36 48 62 (2851)
36 48 66 (2847)
36 48 7 (2867)
36 48 9 (2665)
36 5 52 (2863)
36 5 56 (2706)
36 5 58 (2873)
36 5 60 (2827)
36 5 62 (2762)
36 5 66 (2735)
36 5 7 (2762)
36 52 56 (2919)
36 52 58 (3087)
36 52 60 (3041)
36 52 62 (2952)
36 52 66 (2913)
36 52 7 (2968)
36 52 9 (2769)
36 56 58 (2923)
36 56 60 (2877)
36 56 62 (2826)
36 56 66 (2749)
36 56 7 (2822)
36 56 9 (2655)
36 58 60 (3051)
36 58 62 (2963)
36 58 66 (2923)
36 58 7 (2978)
36 58 9 (2776)
36 60 62 (2917)
36 60 66 (2924)
36 60 7 (2934)
36 60 9 (2738)
36 62 66 (2795)
36 62 7 (2843)
36 62 9 (2653)
36 66 7 (2809)
36 66 9 (2618)
36 7 9 (2658)
40 42 52 (2691)
40 42 58 (2696)
40 42 60 (2671)
40 48 5 (2767)
40 48 52 (2976)
40 48 56 (2813)
40 48 58 (2986)
40 48 60 (2961)
40 48 62 (2862)
40 48 66 (2849)
40 48 7 (2867)
40 48 9 (2669)
40 5 52 (2939)
40 5 56 (2783)
40 5 58 (2949)
40 5 60 (2904)
40 5 62 (2846)
40 5 66 (2812)
40 5 7 (2838)
40 5 9 (2666)
40 52 56 (2991)
40 52 58 (3158)
40 52 60 (3113)
40 52 62 (3034)
40 52 64 (2629)
40 52 66 (2986)
40 52 7 (3039)
40 52 9 (2844)
40 56 58 (2995)
40 56 60 (2950)
40 56 62 (2909)
40 56 66 (2823)
40 56 7 (2894)
40 56 9 (2730)
40 58 60 (3123)
40 58 62 (3045)
40 58 64 (2629)
40 58 66 (2996)
40 58 7 (3049)
40 58 9 (2851)
40 60 62 (2999)
40 60 66 (2997)
40 60 7 (3006)
40 60 9 (2813)
40 62 66 (2877)
40 62 7 (2925)
40 62 9 (2738)
40 66 7 (2882)
40 66 9 (2694)
40 7 9 (2733)
42 52 58 (2707)
42 52 60 (2682)
42 52 66 (2606)
42 58 60 (2687)
42 58 66 (2611)
42 58 7 (2602)
42 60 66 (2612)
44 52 58 (2600)
48 5 52 (2777)
48 5 56 (2620)
48 5 58 (2787)
48 5 60 (2761)
48 5 62 (2676)
48 5 66 (2684)
48 5 7 (2676)
48 52 56 (2833)
48 52 58 (3001)
48 52 60 (2975)
48 52 62 (2866)
48 52 66 (2862)
48 52 7 (2882)
48 52 9 (2683)
48 56 58 (2837)
48 56 60 (2811)
48 56 62 (2740)
48 56 66 (2698)
48 56 7 (2736)
48 58 60 (2985)
48 58 62 (2877)
48 58 66 (2872)
48 58 7 (2892)
48 58 9 (2690)
48 60 62 (2851)
48 60 66 (2873)
48 60 7 (2868)
48 60 9 (2672)
48 62 66 (2744)
48 62 7 (2757)
48 66 7 (2758)
5 52 56 (2798)
5 52 58 (2959)
5 52 60 (2913)
5 52 62 (2848)
5 52 66 (2821)
5 52 7 (2848)
5 52 9 (2675)
5 56 58 (2802)
5 56 60 (2756)
5 56 62 (2722)
5 56 66 (2664)
5 56 7 (2709)
5 58 60 (2923)
5 58 62 (2859)
5 58 66 (2831)
5 58 7 (2858)
5 58 9 (2682)
5 60 62 (2813)
5 60 66 (2832)
5 60 7 (2814)
5 60 9 (2644)
5 62 66 (2725)
5 62 7 (2747)
5 66 7 (2723)
52 56 58 (3015)
52 56 60 (2969)
52 56 62 (2918)
52 56 66 (2841)
52 56 7 (2914)
52 56 9 (2747)
52 58 60 (3137)
52 58 62 (3049)
52 58 64 (2629)
52 58 66 (3009)
52 58 7 (3064)
52 58 9 (2865)
52 60 62 (3003)
52 60 66 (3010)
52 60 7 (3020)
52 60 9 (2827)
52 62 66 (2881)
52 62 7 (2929)
52 62 9 (2742)
52 66 7 (2895)
52 66 9 (2707)
52 7 9 (2747)
56 58 60 (2973)
56 58 62 (2923)
56 58 66 (2845)
56 58 7 (2918)
56 58 9 (2751)
56 60 62 (2877)
56 60 66 (2846)
56 60 7 (2874)
56 60 9 (2713)
56 62 66 (2755)
56 62 7 (2821)
56 62 9 (2657)
56 66 7 (2749)
56 7 9 (2651)
58 60 62 (3014)
58 60 66 (3020)
58 60 7 (3030)
58 60 9 (2834)
58 62 66 (2892)
58 62 7 (2940)
58 62 9 (2750)
58 66 7 (2905)
58 66 9 (2714)
58 7 9 (2754)
60 62 66 (2892)
60 62 7 (2896)
60 62 9 (2711)
60 66 7 (2906)
60 66 9 (2715)
60 7 9 (2718)
62 66 7 (2777)
62 7 9 (2631)
66 7 9 (2601)
25 29 34 36 (2642)
25 29 34 40 (2685)
25 29 34 52 (2700)
25 29 34 58 (2707)
25 29 34 60 (2680)
25 29 34 7 (2601)
25 29 36 40 (2756)
25 29 36 48 (2718)
25 29 36 52 (2772)
25 29 36 56 (2619)
25 29 36 58 (2781)
25 29 36 60 (2754)
25 29 36 62 (2660)
25 29 36 66 (2641)
25 29 36 7 (2671)
25 29 40 48 (2711)
25 29 40 5 (2624)
25 29 40 52 (2812)
25 29 40 56 (2660)
25 29 40 58 (2821)
25 29 40 60 (2795)
25 29 40 62 (2711)
25 29 40 66 (2683)
25 29 40 7 (2711)
25 29 48 52 (2727)
25 29 48 58 (2736)
25 29 48 60 (2719)
25 29 48 62 (2615)
25 29 48 66 (2613)
25 29 48 7 (2626)
25 29 5 52 (2635)
25 29 5 58 (2644)
25 29 5 60 (2617)
25 29 52 56 (2681)
25 29 52 58 (2837)
25 29 52 60 (2810)
25 29 52 62 (2716)
25 29 52 66 (2697)
25 29 52 7 (2727)
25 29 56 58 (2684)
25 29 56 60 (2657)
25 29 58 60 (2819)
25 29 58 62 (2726)
25 29 58 66 (2706)
25 29 58 7 (2736)
25 29 60 62 (2699)
25 29 60 66 (2707)
25 29 60 7 (2709)
25 29 62 7 (2615)
25 34 36 40 (2623)
25 34 36 52 (2638)
25 34 36 58 (2645)
25 34 36 60 (2618)
25 34 40 52 (2681)
25 34 40 58 (2688)
25 34 40 60 (2662)
25 34 48 58 (2600)
25 34 52 58 (2703)
25 34 52 60 (2676)
25 34 58 60 (2683)
25 34 58 7 (2602)
25 36 40 48 (2704)
25 36 40 52 (2758)
25 36 40 56 (2606)
25 36 40 58 (2767)
25 36 40 60 (2741)
25 36 40 62 (2657)
25 36 40 66 (2625)
25 36 40 7 (2651)
25 36 48 52 (2720)
25 36 48 58 (2729)
25 36 48 60 (2712)
25 36 48 62 (2608)
25 36 48 66 (2602)
25 36 48 7 (2613)
25 36 52 56 (2627)
25 36 52 58 (2783)
25 36 52 60 (2756)
25 36 52 62 (2662)
25 36 52 66 (2639)
25 36 52 7 (2667)
25 36 56 58 (2630)
25 36 56 60 (2603)
25 36 58 60 (2765)
25 36 58 62 (2672)
25 36 58 66 (2648)
25 36 58 7 (2676)
25 36 60 62 (2645)
25 36 60 66 (2649)
25 36 60 7 (2649)
25 40 48 52 (2713)
25 40 48 58 (2722)
25 40 48 60 (2706)
25 40 48 62 (2612)
25 40 48 7 (2606)
25 40 5 52 (2618)
25 40 5 58 (2627)
25 40 5 60 (2601)
25 40 52 56 (2668)
25 40 52 58 (2823)
25 40 52 60 (2797)
25 40 52 62 (2713)
25 40 52 66 (2681)
25 40 52 7 (2707)
25 40 56 58 (2671)
25 40 56 60 (2645)
25 40 58 60 (2806)
25 40 58 62 (2723)
25 40 58 66 (2690)
25 40 58 7 (2716)
25 40 60 62 (2696)
25 40 60 66 (2691)
25 40 60 7 (2690)
25 40 62 7 (2606)
25 48 52 58 (2738)
25 48 52 60 (2721)
25 48 52 62 (2617)
25 48 52 66 (2611)
25 48 52 7 (2622)
25 48 58 60 (2730)
25 48 58 62 (2627)
25 48 58 66 (2620)
25 48 58 7 (2631)
25 48 60 62 (2610)
25 48 60 66 (2621)
25 48 60 7 (2614)
25 5 52 58 (2638)
25 5 52 60 (2611)
25 5 58 60 (2620)
25 52 56 58 (2692)
25 52 56 60 (2665)
25 52 56 62 (2605)
25 52 58 60 (2821)
25 52 58 62 (2728)
25 52 58 66 (2704)
25 52 58 7 (2732)
25 52 60 62 (2701)
25 52 60 66 (2705)
25 52 60 7 (2705)
25 52 62 7 (2611)
25 56 58 60 (2668)
25 56 58 62 (2609)
25 58 60 62 (2711)
25 58 60 66 (2714)
25 58 60 7 (2714)
25 58 62 66 (2600)
25 58 62 7 (2621)
25 60 62 66 (2600)
25 60 66 7 (2600)
29 3 34 36 (2613)
29 3 34 40 (2683)
29 3 34 52 (2699)
29 3 34 58 (2706)
29 3 34 60 (2672)
29 3 34 62 (2600)
29 3 34 7 (2632)
29 3 36 40 (2720)
29 3 36 48 (2646)
29 3 36 52 (2737)
29 3 36 56 (2611)
29 3 36 58 (2746)
29 3 36 60 (2712)
29 3 36 62 (2631)
29 3 36 66 (2610)
29 3 36 7 (2672)
29 3 40 48 (2646)
29 3 40 5 (2618)
29 3 40 52 (2804)
29 3 40 56 (2679)
29 3 40 58 (2813)
29 3 40 60 (2780)
29 3 40 62 (2709)
29 3 40 66 (2679)
29 3 40 7 (2739)
29 3 48 52 (2663)
29 3 48 58 (2672)
29 3 48 60 (2650)
29 3 5 52 (2630)
29 3 5 58 (2639)
29 3 5 60 (2605)
29 3 52 56 (2700)
29 3 52 58 (2830)
29 3 52 60 (2796)
29 3 52 62 (2715)
29 3 52 66 (2694)
29 3 52 7 (2756)
29 3 56 58 (2704)
29 3 56 60 (2670)
29 3 56 62 (2627)
29 3 56 7 (2630)
29 3 58 60 (2805)
29 3 58 62 (2724)
29 3 58 66 (2703)
29 3 58 7 (2765)
29 3 60 62 (2691)
29 3 60 66 (2703)
29 3 60 7 (2731)
29 3 62 7 (2650)
29 3 66 7 (2630)
29 34 36 40 (2916)
29 34 36 48 (2827)
29 34 36 5 (2788)
29 34 36 52 (2930)
29 34 36 56 (2783)
29 34 36 58 (2938)
29 34 36 60 (2894)
29 34 36 62 (2812)
29 34 36 66 (2785)
29 34 36 7 (2831)
29 34 36 9 (2654)
29 34 40 48 (2830)
29 34 40 5 (2866)
29 34 40 52 (3004)
29 34 40 56 (2857)
29 34 40 58 (3012)
29 34 40 60 (2969)
29 34 40 62 (2897)
29 34 40 66 (2861)
29 34 40 7 (2905)
29 34 40 9 (2731)
29 34 48 5 (2702)
29 34 48 52 (2844)
29 34 48 56 (2697)
29 34 48 58 (2852)
29 34 48 60 (2828)
29 34 48 62 (2726)
29 34 48 66 (2734)
29 34 48 7 (2745)
29 34 5 52 (2876)
29 34 5 56 (2732)
29 34 5 58 (2884)
29 34 5 60 (2840)
29 34 5 62 (2774)
29 34 5 66 (2749)
29 34 5 7 (2781)
29 34 5 9 (2620)
29 34 52 56 (2875)
29 34 52 58 (3026)
29 34 52 60 (2982)
29 34 52 62 (2900)
29 34 52 66 (2873)
29 34 52 7 (2919)
29 34 52 9 (2743)
29 34 56 58 (2879)
29 34 56 60 (2835)
29 34 56 62 (2787)
29 34 56 66 (2726)
29 34 56 7 (2788)
29 34 56 9 (2635)
29 34 58 60 (2990)
29 34 58 62 (2909)
29 34 58 66 (2881)
29 34 58 7 (2927)
29 34 58 9 (2750)
29 34 60 62 (2865)
29 34 60 66 (2882)
29 34 60 7 (2883)
29 34 60 9 (2714)
29 34 62 66 (2762)
29 34 62 7 (2801)
29 34 62 9 (2635)
29 34 66 7 (2775)
29 34 66 9 (2608)
29 34 7 9 (2644)
29 36 40 48 (2946)
29 36 40 5 (2846)
29 36 40 52 (3047)
29 36 40 56 (2884)
29 36 40 58 (3057)
29 36 40 60 (3014)
29 36 40 62 (2933)
29 36 40 66 (2892)
29 36 40 7 (2946)
29 36 40 9 (2747)
29 36 42 52 (2608)
29 36 42 58 (2613)
29 36 48 5 (2755)
29 36 48 52 (2961)
29 36 48 56 (2797)
29 36 48 58 (2971)
29 36 48 60 (2947)
29 36 48 62 (2836)
29 36 48 66 (2839)
29 36 48 7 (2860)
29 36 48 9 (2657)
29 36 5 52 (2856)
29 36 5 56 (2699)
29 36 5 58 (2866)
29 36 5 60 (2822)
29 36 5 62 (2755)
29 36 5 66 (2731)
29 36 5 7 (2759)
29 36 52 56 (2904)
29 36 52 58 (3072)
29 36 52 60 (3028)
29 36 52 62 (2937)
29 36 52 66 (2905)
29 36 52 7 (2961)
29 36 52 9 (2761)
29 36 56 58 (2908)
29 36 56 60 (2864)
29 36 56 62 (2811)
29 36 56 66 (2741)
29 36 56 7 (2815)
29 36 56 9 (2647)
29 36 58 60 (3038)
29 36 58 62 (2948)
29 36 58 66 (2915)
29 36 58 7 (2971)
29 36 58 9 (2768)
29 36 60 62 (2904)
29 36 60 66 (2916)
29 36 60 7 (2927)
29 36 60 9 (2732)
29 36 62 66 (2787)
29 36 62 7 (2836)
29 36 62 9 (2645)
29 36 66 7 (2805)
29 36 66 9 (2614)
29 36 7 9 (2658)
29 40 42 52 (2679)
29 40 42 58 (2684)
29 40 42 60 (2661)
29 40 48 5 (2760)
29 40 48 52 (2961)
29 40 48 56 (2798)
29 40 48 58 (2971)
29 40 48 60 (2948)
29 40 48 62 (2847)
29 40 48 66 (2841)
29 40 48 7 (2860)
29 40 48 9 (2661)
29 40 5 52 (2932)
29 40 5 56 (2776)
29 40 5 58 (2942)
29 40 5 60 (2899)
29 40 5 62 (2839)
29 40 5 66 (2808)
29 40 5 7 (2835)
29 40 5 9 (2662)
29 40 52 56 (2976)
29 40 52 58 (3143)
29 40 52 60 (3100)
29 40 52 62 (3019)
29 40 52 64 (2614)
29 40 52 66 (2978)
29 40 52 7 (3032)
29 40 52 9 (2836)
29 40 56 58 (2980)
29 40 56 60 (2937)
29 40 56 62 (2894)
29 40 56 66 (2815)
29 40 56 7 (2887)
29 40 56 9 (2722)
29 40 58 60 (3110)
29 40 58 62 (3030)
29 40 58 64 (2614)
29 40 58 66 (2988)
29 40 58 7 (3042)
29 40 58 9 (2843)
29 40 60 62 (2986)
29 40 60 66 (2989)
29 40 60 7 (2999)
29 40 60 9 (2807)
29 40 62 66 (2869)
29 40 62 7 (2918)
29 40 62 9 (2730)
29 40 66 7 (2878)
29 40 66 9 (2690)
29 40 7 9 (2733)
29 42 52 58 (2695)
29 42 52 60 (2672)
29 42 58 60 (2677)
29 42 58 66 (2603)
29 42 60 66 (2604)
29 48 5 52 (2770)
29 48 5 56 (2613)
29 48 5 58 (2780)
29 48 5 60 (2756)
29 48 5 62 (2669)
29 48 5 66 (2680)
29 48 5 7 (2673)
29 48 52 56 (2818)
29 48 52 58 (2986)
29 48 52 60 (2962)
29 48 52 62 (2851)
29 48 52 66 (2854)
29 48 52 7 (2875)
29 48 52 9 (2675)
29 48 56 58 (2822)
29 48 56 60 (2798)
29 48 56 62 (2725)
29 48 56 66 (2690)
29 48 56 7 (2729)
29 48 58 60 (2972)
29 48 58 62 (2862)
29 48 58 66 (2864)
29 48 58 7 (2885)
29 48 58 9 (2682)
29 48 60 62 (2838)
29 48 60 66 (2865)
29 48 60 7 (2861)
29 48 60 9 (2666)
29 48 62 66 (2736)
29 48 62 7 (2750)
29 48 66 7 (2754)
29 5 52 56 (2791)
29 5 52 58 (2952)
29 5 52 60 (2908)
29 5 52 62 (2841)
29 5 52 66 (2817)
29 5 52 7 (2845)
29 5 52 9 (2671)
29 5 56 58 (2795)
29 5 56 60 (2751)
29 5 56 62 (2715)
29 5 56 66 (2660)
29 5 56 7 (2706)
29 5 58 60 (2918)
29 5 58 62 (2852)
29 5 58 66 (2827)
29 5 58 7 (2855)
29 5 58 9 (2678)
29 5 60 62 (2808)
29 5 60 66 (2828)
29 5 60 7 (2811)
29 5 60 9 (2642)
29 5 62 66 (2721)
29 5 62 7 (2744)
29 5 66 7 (2721)
29 52 56 58 (3000)
29 52 56 60 (2956)
29 52 56 62 (2903)
29 52 56 66 (2833)
29 52 56 7 (2907)
29 52 56 9 (2739)
29 52 58 60 (3124)
29 52 58 62 (3034)
29 52 58 64 (2614)
29 52 58 66 (3001)
29 52 58 7 (3057)
29 52 58 9 (2857)
29 52 60 62 (2990)
29 52 60 66 (3002)
29 52 60 7 (3013)
29 52 60 9 (2821)
29 52 62 66 (2873)
29 52 62 7 (2922)
29 52 62 9 (2734)
29 52 66 7 (2891)
29 52 66 9 (2703)
29 52 7 9 (2747)
29 56 58 60 (2960)
29 56 58 62 (2908)
29 56 58 66 (2837)
29 56 58 7 (2911)
29 56 58 9 (2743)
29 56 60 62 (2864)
29 56 60 66 (2838)
29 56 60 7 (2867)
29 56 60 9 (2707)
29 56 62 66 (2747)
29 56 62 7 (2814)
29 56 62 9 (2649)
29 56 66 7 (2745)
29 56 7 9 (2651)
29 58 60 62 (3001)
29 58 60 66 (3012)
29 58 60 7 (3023)
29 58 60 9 (2828)
29 58 62 66 (2884)
29 58 62 7 (2933)
29 58 62 9 (2742)
29 58 66 7 (2901)
29 58 66 9 (2710)
29 58 7 9 (2754)
29 60 62 66 (2884)
29 60 62 7 (2889)
29 60 62 9 (2705)
29 60 66 7 (2902)
29 60 66 9 (2711)
29 60 7 9 (2718)
29 62 66 7 (2773)
29 62 7 9 (2631)
29 66 7 9 (2601)
3 34 36 52 (2606)
3 34 36 58 (2613)
3 34 40 52 (2676)
3 34 40 58 (2683)
3 34 40 60 (2650)
3 34 40 7 (2609)
3 34 52 58 (2699)
3 34 52 60 (2665)
3 34 52 7 (2625)
3 34 58 60 (2672)
3 34 58 62 (2600)
3 34 58 7 (2632)
3 36 40 48 (2620)
3 36 40 52 (2711)
3 36 40 58 (2720)
3 36 40 60 (2687)
3 36 40 62 (2616)
3 36 40 7 (2646)
3 36 48 52 (2637)
3 36 48 58 (2646)
3 36 48 60 (2624)
3 36 52 56 (2607)
3 36 52 58 (2737)
3 36 52 60 (2703)
3 36 52 62 (2622)
3 36 52 66 (2601)
3 36 52 7 (2663)
3 36 56 58 (2611)
3 36 58 60 (2712)
3 36 58 62 (2631)
3 36 58 66 (2610)
3 36 58 7 (2672)
3 36 60 66 (2610)
3 36 60 7 (2638)
3 40 48 52 (2637)
3 40 48 58 (2646)
3 40 48 60 (2625)
3 40 5 52 (2609)
3 40 5 58 (2618)
3 40 52 56 (2675)
3 40 52 58 (2804)
3 40 52 60 (2771)
3 40 52 62 (2700)
3 40 52 66 (2670)
3 40 52 7 (2730)
3 40 56 58 (2679)
3 40 56 60 (2646)
3 40 56 62 (2613)
3 40 56 7 (2605)
3 40 58 60 (2780)
3 40 58 62 (2709)
3 40 58 66 (2679)
3 40 58 7 (2739)
3 40 60 62 (2676)
3 40 60 66 (2679)
3 40 60 7 (2706)
3 40 62 7 (2635)
3 40 66 7 (2606)
3 48 52 58 (2663)
3 48 52 60 (2641)
3 48 58 60 (2650)
3 5 52 58 (2630)
3 5 58 60 (2605)
3 52 56 58 (2700)
3 52 56 60 (2666)
3 52 56 62 (2623)
3 52 56 7 (2626)
3 52 58 60 (2796)
3 52 58 62 (2715)
3 52 58 66 (2694)
3 52 58 7 (2756)
3 52 60 62 (2682)
3 52 60 66 (2694)
3 52 60 7 (2722)
3 52 62 7 (2641)
3 52 66 7 (2621)
3 56 58 60 (2670)
3 56 58 62 (2627)
3 56 58 7 (2630)
3 58 60 62 (2691)
3 58 60 66 (2703)
3 58 60 7 (2731)
3 58 62 7 (2650)
3 58 66 7 (2630)
3 60 62 7 (2617)
3 60 66 7 (2630)
34 36 40 48 (2808)
34 36 40 5 (2773)
34 36 40 52 (2911)
34 36 40 56 (2764)
34 36 40 58 (2919)
34 36 40 60 (2876)
34 36 40 62 (2804)
34 36 40 66 (2768)
34 36 40 7 (2810)
34 36 40 9 (2636)
34 36 48 5 (2680)
34 36 48 52 (2822)
34 36 48 56 (2675)
34 36 48 58 (2830)
34 36 48 60 (2806)
34 36 48 62 (2704)
34 36 48 66 (2712)
34 36 48 7 (2721)
34 36 5 52 (2783)
34 36 5 56 (2639)
34 36 5 58 (2791)
34 36 5 60 (2747)
34 36 5 62 (2681)
34 36 5 66 (2656)
34 36 5 7 (2686)
34 36 52 56 (2782)
34 36 52 58 (2933)
34 36 52 60 (2889)
34 36 52 62 (2807)
34 36 52 66 (2780)
34 36 52 7 (2824)
34 36 52 9 (2648)
34 36 56 58 (2786)
34 36 56 60 (2742)
34 36 56 62 (2694)
34 36 56 66 (2633)
34 36 56 7 (2693)
34 36 58 60 (2897)
34 36 58 62 (2816)
34 36 58 66 (2788)
34 36 58 7 (2832)
34 36 58 9 (2655)
34 36 60 62 (2772)
34 36 60 66 (2789)
34 36 60 7 (2788)
34 36 60 9 (2619)
34 36 62 66 (2669)
34 36 62 7 (2706)
34 36 66 7 (2680)
34 40 48 5 (2687)
34 40 48 52 (2825)
34 40 48 56 (2678)
34 40 48 58 (2833)
34 40 48 60 (2810)
34 40 48 62 (2718)
34 40 48 66 (2717)
34 40 48 7 (2724)
34 40 5 52 (2861)
34 40 5 56 (2717)
34 40 5 58 (2869)
34 40 5 60 (2826)
34 40 5 62 (2767)
34 40 5 66 (2735)
34 40 5 7 (2764)
34 40 5 9 (2606)
34 40 52 56 (2856)
34 40 52 58 (3007)
34 40 52 60 (2964)
34 40 52 62 (2892)
34 40 52 66 (2856)
34 40 52 7 (2898)
34 40 52 9 (2725)
34 40 56 58 (2860)
34 40 56 60 (2817)
34 40 56 62 (2779)
34 40 56 66 (2709)
34 40 56 7 (2767)
34 40 56 9 (2617)
34 40 58 60 (2972)
34 40 58 62 (2901)
34 40 58 66 (2864)
34 40 58 7 (2906)
34 40 58 9 (2732)
34 40 60 62 (2857)
34 40 60 66 (2865)
34 40 60 7 (2863)
34 40 60 9 (2696)
34 40 62 66 (2754)
34 40 62 7 (2791)
34 40 62 9 (2627)
34 40 66 7 (2756)
34 40 7 9 (2624)
34 48 5 52 (2697)
34 48 5 58 (2705)
34 48 5 60 (2681)
34 48 5 66 (2605)
34 48 5 7 (2600)
34 48 52 56 (2696)
34 48 52 58 (2847)
34 48 52 60 (2823)
34 48 52 62 (2721)
34 48 52 66 (2729)
34 48 52 7 (2738)
34 48 56 58 (2700)
34 48 56 60 (2676)
34 48 56 62 (2608)
34 48 56 7 (2607)
34 48 58 60 (2831)
34 48 58 62 (2730)
34 48 58 66 (2737)
34 48 58 7 (2746)
34 48 60 62 (2706)
34 48 60 66 (2738)
34 48 60 7 (2722)
34 48 62 66 (2618)
34 48 62 7 (2620)
34 48 66 7 (2629)
34 5 52 56 (2731)
34 5 52 58 (2879)
34 5 52 60 (2835)
34 5 52 62 (2769)
34 5 52 66 (2744)
34 5 52 7 (2774)
34 5 52 9 (2614)
34 5 56 58 (2735)
34 5 56 60 (2691)
34 5 56 62 (2656)
34 5 56 66 (2600)
34 5 56 7 (2646)
34 5 58 60 (2843)
34 5 58 62 (2778)
34 5 58 66 (2752)
34 5 58 7 (2782)
34 5 58 9 (2621)
34 5 60 62 (2734)
34 5 60 66 (2753)
34 5 60 7 (2738)
34 5 62 66 (2647)
34 5 62 7 (2672)
34 5 66 7 (2648)
34 52 56 58 (2878)
34 52 56 60 (2834)
34 52 56 62 (2786)
34 52 56 66 (2725)
34 52 56 7 (2785)
34 52 56 9 (2632)
34 52 58 60 (2985)
34 52 58 62 (2904)
34 52 58 66 (2876)
34 52 58 7 (2920)
34 52 58 9 (2744)
34 52 60 62 (2860)
34 52 60 66 (2877)
34 52 60 7 (2876)
34 52 60 9 (2708)
34 52 62 66 (2757)
34 52 62 7 (2794)
34 52 62 9 (2629)
34 52 66 7 (2768)
34 52 66 9 (2602)
34 52 7 9 (2636)
34 56 58 60 (2838)
34 56 58 62 (2791)
34 56 58 66 (2729)
34 56 58 7 (2789)
34 56 58 9 (2636)
34 56 60 62 (2747)
34 56 60 66 (2730)
34 56 60 7 (2745)
34 56 60 9 (2600)
34 56 62 66 (2644)
34 56 62 7 (2697)
34 56 66 7 (2637)
34 58 60 62 (2869)
34 58 60 66 (2885)
34 58 60 7 (2884)
34 58 60 9 (2715)
34 58 62 66 (2766)
34 58 62 7 (2803)
34 58 62 9 (2637)
34 58 66 7 (2776)
34 58 66 9 (2609)
34 58 7 9 (2643)
34 60 62 66 (2766)
34 60 62 7 (2759)
34 60 62 9 (2600)
34 60 66 7 (2777)
34 60 66 9 (2610)
34 60 7 9 (2607)
34 62 66 7 (2657)
36 40 42 52 (2603)
36 40 42 58 (2608)
36 40 48 5 (2741)
36 40 48 52 (2950)
36 40 48 56 (2787)
36 40 48 58 (2960)
36 40 48 60 (2935)
36 40 48 62 (2836)
36 40 48 66 (2823)
36 40 48 7 (2841)
36 40 48 9 (2643)
36 40 5 52 (2842)
36 40 5 56 (2686)
36 40 5 58 (2852)
36 40 5 60 (2807)
36 40 5 62 (2749)
36 40 5 66 (2715)
36 40 5 7 (2741)
36 40 52 56 (2894)
36 40 52 58 (3061)
36 40 52 60 (3016)
36 40 52 62 (2937)
36 40 52 66 (2889)
36 40 52 7 (2942)
36 40 52 9 (2747)
36 40 56 58 (2898)
36 40 56 60 (2853)
36 40 56 62 (2812)
36 40 56 66 (2726)
36 40 56 7 (2797)
36 40 56 9 (2633)
36 40 58 60 (3026)
36 40 58 62 (2948)
36 40 58 66 (2899)
36 40 58 7 (2952)
36 40 58 9 (2754)
36 40 60 62 (2902)
36 40 60 66 (2900)
36 40 60 7 (2909)
36 40 60 9 (2716)
36 40 62 66 (2780)
36 40 62 7 (2828)
36 40 62 9 (2641)
36 40 66 7 (2785)
36 40 7 9 (2636)
36 42 52 58 (2619)
36 48 5 52 (2751)
36 48 5 58 (2761)
36 48 5 60 (2735)
36 48 5 62 (2650)
36 48 5 66 (2658)
36 48 5 7 (2650)
36 48 52 56 (2807)
36 48 52 58 (2975)
36 48 52 60 (2949)
36 48 52 62 (2840)
36 48 52 66 (2836)
36 48 52 7 (2856)
36 48 52 9 (2657)
36 48 56 58 (2811)
36 48 56 60 (2785)
36 48 56 62 (2714)
36 48 56 66 (2672)
36 48 56 7 (2710)
36 48 58 60 (2959)
36 48 58 62 (2851)
36 48 58 66 (2846)
36 48 58 7 (2866)
36 48 58 9 (2664)
36 48 60 62 (2825)
36 48 60 66 (2847)
36 48 60 7 (2842)
36 48 60 9 (2646)
36 48 62 66 (2718)
36 48 62 7 (2731)
36 48 66 7 (2732)
36 5 52 56 (2701)
36 5 52 58 (2862)
36 5 52 60 (2816)
36 5 52 62 (2751)
36 5 52 66 (2724)
36 5 52 7 (2751)
36 5 56 58 (2705)
36 5 56 60 (2659)
36 5 56 62 (2625)
36 5 56 7 (2612)
36 5 58 60 (2826)
36 5 58 62 (2762)
36 5 58 66 (2734)
36 5 58 7 (2761)
36 5 60 62 (2716)
36 5 60 66 (2735)
36 5 60 7 (2717)
36 5 62 66 (2628)
36 5 62 7 (2650)
36 5 66 7 (2626)
36 52 56 58 (2918)
36 52 56 60 (2872)
36 52 56 62 (2821)
36 52 56 66 (2744)
36 52 56 7 (2817)
36 52 56 9 (2650)
36 52 58 60 (3040)
36 52 58 62 (2952)
36 52 58 66 (2912)
36 52 58 7 (2967)
36 52 58 9 (2768)
36 52 60 62 (2906)
36 52 60 66 (2913)
36 52 60 7 (2923)
36 52 60 9 (2730)
36 52 62 66 (2784)
36 52 62 7 (2832)
36 52 62 9 (2645)
36 52 66 7 (2798)
36 52 66 9 (2610)
36 52 7 9 (2650)
36 56 58 60 (2876)
36 56 58 62 (2826)
36 56 58 66 (2748)
36 56 58 7 (2821)
36 56 58 9 (2654)
36 56 60 62 (2780)
36 56 60 66 (2749)
36 56 60 7 (2777)
36 56 60 9 (2616)
36 56 62 66 (2658)
36 56 62 7 (2724)
36 56 66 7 (2652)
36 58 60 62 (2917)
36 58 60 66 (2923)
36 58 60 7 (2933)
36 58 60 9 (2737)
36 58 62 66 (2795)
36 58 62 7 (2843)
36 58 62 9 (2653)
36 58 66 7 (2808)
36 58 66 9 (2617)
36 58 7 9 (2657)
36 60 62 66 (2795)
36 60 62 7 (2799)
36 60 62 9 (2614)
36 60 66 7 (2809)
36 60 66 9 (2618)
36 60 7 9 (2621)
36 62 66 7 (2680)
40 42 52 58 (2690)
40 42 52 60 (2665)
40 42 58 60 (2670)
40 48 5 52 (2756)
40 48 5 56 (2600)
40 48 5 58 (2766)
40 48 5 60 (2741)
40 48 5 62 (2663)
40 48 5 66 (2664)
40 48 5 7 (2655)
40 48 52 56 (2808)
40 48 52 58 (2975)
40 48 52 60 (2950)
40 48 52 62 (2851)
40 48 52 66 (2838)
40 48 52 7 (2856)
40 48 52 9 (2661)
40 48 56 58 (2812)
40 48 56 60 (2787)
40 48 56 62 (2726)
40 48 56 66 (2675)
40 48 56 7 (2711)
40 48 58 60 (2960)
40 48 58 62 (2862)
40 48 58 66 (2848)
40 48 58 7 (2866)
40 48 58 9 (2668)
40 48 60 62 (2836)
40 48 60 66 (2849)
40 48 60 7 (2843)
40 48 60 9 (2650)
40 48 62 66 (2729)
40 48 62 7 (2742)
40 48 66 7 (2734)
40 5 52 56 (2778)
40 5 52 58 (2938)
40 5 52 60 (2893)
40 5 52 62 (2835)
40 5 52 66 (2801)
40 5 52 7 (2827)
40 5 52 9 (2658)
40 5 56 58 (2782)
40 5 56 60 (2737)
40 5 56 62 (2710)
40 5 56 66 (2645)
40 5 56 7 (2689)
40 5 58 60 (2903)
40 5 58 62 (2846)
40 5 58 66 (2811)
40 5 58 7 (2837)
40 5 58 9 (2665)
40 5 60 62 (2800)
40 5 60 66 (2812)
40 5 60 7 (2794)
40 5 60 9 (2627)
40 5 62 66 (2712)
40 5 62 7 (2734)
40 5 66 7 (2703)
40 52 56 58 (2990)
40 52 56 60 (2945)
40 52 56 62 (2904)
40 52 56 66 (2818)
40 52 56 7 (2889)
40 52 56 9 (2725)
40 52 58 60 (3112)
40 52 58 62 (3034)
40 52 58 64 (2628)
40 52 58 66 (2985)
40 52 58 7 (3038)
40 52 58 9 (2843)
40 52 60 62 (2988)
40 52 60 66 (2986)
40 52 60 7 (2995)
40 52 60 9 (2805)
40 52 62 66 (2866)
40 52 62 7 (2914)
40 52 62 9 (2730)
40 52 66 7 (2871)
40 52 66 9 (2686)
40 52 7 9 (2725)
40 56 58 60 (2949)
40 56 58 62 (2909)
40 56 58 66 (2822)
40 56 58 7 (2893)
40 56 58 9 (2729)
40 56 60 62 (2863)
40 56 60 66 (2823)
40 56 60 7 (2850)
40 56 60 9 (2691)
40 56 62 66 (2741)
40 56 62 7 (2807)
40 56 62 9 (2645)
40 56 66 7 (2726)
40 56 7 9 (2629)
40 58 60 62 (2999)
40 58 60 66 (2996)
40 58 60 7 (3005)
40 58 60 9 (2812)
40 58 62 66 (2877)
40 58 62 7 (2925)
40 58 62 9 (2738)
40 58 66 7 (2881)
40 58 66 9 (2693)
40 58 7 9 (2732)
40 60 62 66 (2877)
40 60 62 7 (2881)
40 60 62 9 (2699)
40 60 66 7 (2882)
40 60 66 9 (2694)
40 60 7 9 (2696)
40 62 66 7 (2762)
40 62 7 9 (2619)
42 52 58 60 (2681)
42 52 58 66 (2605)
42 52 60 66 (2606)
42 58 60 66 (2611)
48 5 52 56 (2615)
48 5 52 58 (2776)
48 5 52 60 (2750)
48 5 52 62 (2665)
48 5 52 66 (2673)
48 5 52 7 (2665)
48 5 56 58 (2619)
48 5 58 60 (2760)
48 5 58 62 (2676)
48 5 58 66 (2683)
48 5 58 7 (2675)
48 5 60 62 (2650)
48 5 60 66 (2684)
48 5 60 7 (2651)
48 52 56 58 (2832)
48 52 56 60 (2806)
48 52 56 62 (2735)
48 52 56 66 (2693)
48 52 56 7 (2731)
48 52 58 60 (2974)
48 52 58 62 (2866)
48 52 58 66 (2861)
48 52 58 7 (2881)
48 52 58 9 (2682)
48 52 60 62 (2840)
48 52 60 66 (2862)
48 52 60 7 (2857)
48 52 60 9 (2664)
48 52 62 66 (2733)
48 52 62 7 (2746)
48 52 66 7 (2747)
48 56 58 60 (2810)
48 56 58 62 (2740)
48 56 58 66 (2697)
48 56 58 7 (2735)
48 56 60 62 (2714)
48 56 60 66 (2698)
48 56 60 7 (2711)
48 56 62 66 (2607)
48 56 62 7 (2638)
48 56 66 7 (2601)
48 58 60 62 (2851)
48 58 60 66 (2872)
48 58 60 7 (2867)
48 58 60 9 (2671)
48 58 62 66 (2744)
48 58 62 7 (2757)
48 58 66 7 (2757)
48 60 62 66 (2744)
48 60 62 7 (2733)
48 60 66 7 (2758)
48 62 66 7 (2629)
5 52 56 58 (2797)
5 52 56 60 (2751)
5 52 56 62 (2717)
5 52 56 66 (2659)
5 52 56 7 (2704)
5 52 58 60 (2912)
5 52 58 62 (2848)
5 52 58 66 (2820)
5 52 58 7 (2847)
5 52 58 9 (2674)
5 52 60 62 (2802)
5 52 60 66 (2821)
5 52 60 7 (2803)
5 52 60 9 (2636)
5 52 62 66 (2714)
5 52 62 7 (2736)
5 52 66 7 (2712)
5 56 58 60 (2755)
5 56 58 62 (2722)
5 56 58 66 (2663)
5 56 58 7 (2708)
5 56 60 62 (2676)
5 56 60 66 (2664)
5 56 60 7 (2664)
5 56 62 7 (2628)
5 58 60 62 (2813)
5 58 60 66 (2831)
5 58 60 7 (2813)
5 58 60 9 (2643)
5 58 62 66 (2725)
5 58 62 7 (2747)
5 58 66 7 (2722)
5 60 62 66 (2725)
5 60 62 7 (2703)
5 60 66 7 (2723)
5 62 66 7 (2616)
52 56 58 60 (2968)
52 56 58 62 (2918)
52 56 58 66 (2840)
52 56 58 7 (2913)
52 56 58 9 (2746)
52 56 60 62 (2872)
52 56 60 66 (2841)
52 56 60 7 (2869)
52 56 60 9 (2708)
52 56 62 66 (2750)
52 56 62 7 (2816)
52 56 62 9 (2652)
52 56 66 7 (2744)
52 56 7 9 (2646)
52 58 60 62 (3003)
52 58 60 66 (3009)
52 58 60 7 (3019)
52 58 60 9 (2826)
52 58 62 66 (2881)
52 58 62 7 (2929)
52 58 62 9 (2742)
52 58 66 7 (2894)
52 58 66 9 (2706)
52 58 7 9 (2746)
52 60 62 66 (2881)
52 60 62 7 (2885)
52 60 62 9 (2703)
52 60 66 7 (2895)
52 60 66 9 (2707)
52 60 7 9 (2710)
52 62 66 7 (2766)
52 62 7 9 (2623)
56 58 60 62 (2877)
56 58 60 66 (2845)
56 58 60 7 (2873)
56 58 60 9 (2712)
56 58 62 66 (2755)
56 58 62 7 (2821)
56 58 62 9 (2657)
56 58 66 7 (2748)
56 58 7 9 (2650)
56 60 62 66 (2755)
56 60 62 7 (2777)
56 60 62 9 (2618)
56 60 66 7 (2749)
56 60 7 9 (2614)
56 62 66 7 (2658)
58 60 62 66 (2892)
58 60 62 7 (2896)
58 60 62 9 (2711)
58 60 66 7 (2905)
58 60 66 9 (2714)
58 60 7 9 (2717)
58 62 66 7 (2777)
58 62 7 9 (2631)
58 66 7 9 (2600)
60 62 66 7 (2777)
60 66 7 9 (2601)
25 29 34 36 40 (2619)
25 29 34 36 52 (2634)
25 29 34 36 58 (2641)
25 29 34 36 60 (2614)
25 29 34 40 52 (2677)
25 29 34 40 58 (2684)
25 29 34 40 60 (2658)
25 29 34 52 58 (2699)
25 29 34 52 60 (2672)
25 29 34 58 60 (2679)
25 29 34 58 7 (2600)
25 29 36 40 48 (2692)
25 29 36 40 52 (2746)
25 29 36 40 58 (2755)
25 29 36 40 60 (2729)
25 29 36 40 62 (2645)
25 29 36 40 66 (2617)
25 29 36 40 7 (2645)
25 29 36 48 52 (2708)
25 29 36 48 58 (2717)
25 29 36 48 60 (2700)
25 29 36 48 7 (2607)
25 29 36 52 56 (2615)
25 29 36 52 58 (2771)
25 29 36 52 60 (2744)
25 29 36 52 62 (2650)
25 29 36 52 66 (2631)
25 29 36 52 7 (2661)
25 29 36 56 58 (2618)
25 29 36 58 60 (2753)
25 29 36 58 62 (2660)
25 29 36 58 66 (2640)
25 29 36 58 7 (2670)
25 29 36 60 62 (2633)
25 29 36 60 66 (2641)
25 29 36 60 7 (2643)
25 29 40 48 52 (2701)
25 29 40 48 58 (2710)
25 29 40 48 60 (2694)
25 29 40 48 62 (2600)
25 29 40 48 7 (2600)
25 29 40 5 52 (2614)
25 29 40 5 58 (2623)
25 29 40 52 56 (2656)
25 29 40 52 58 (2811)
25 29 40 52 60 (2785)
25 29 40 52 62 (2701)
25 29 40 52 66 (2673)
25 29 40 52 7 (2701)
25 29 40 56 58 (2659)
25 29 40 56 60 (2633)
25 29 40 58 60 (2794)
25 29 40 58 62 (2711)
25 29 40 58 66 (2682)
25 29 40 58 7 (2710)
25 29 40 60 62 (2684)
25 29 40 60 66 (2683)
25 29 40 60 7 (2684)
25 29 40 62 7 (2600)
25 29 48 52 58 (2726)
25 29 48 52 60 (2709)
25 29 48 52 62 (2605)
25 29 48 52 66 (2603)
25 29 48 52 7 (2616)
25 29 48 58 60 (2718)
25 29 48 58 62 (2615)
25 29 48 58 66 (2612)
25 29 48 58 7 (2625)
25 29 48 60 66 (2613)
25 29 48 60 7 (2608)
25 29 5 52 58 (2634)
25 29 5 52 60 (2607)
25 29 5 58 60 (2616)
25 29 52 56 58 (2680)
25 29 52 56 60 (2653)
25 29 52 58 60 (2809)
25 29 52 58 62 (2716)
25 29 52 58 66 (2696)
25 29 52 58 7 (2726)
25 29 52 60 62 (2689)
25 29 52 60 66 (2697)
25 29 52 60 7 (2699)
25 29 52 62 7 (2605)
25 29 56 58 60 (2656)
25 29 58 60 62 (2699)
25 29 58 60 66 (2706)
25 29 58 60 7 (2708)
25 29 58 62 7 (2615)
25 34 36 40 52 (2615)
25 34 36 40 58 (2622)
25 34 36 52 58 (2637)
25 34 36 52 60 (2610)
25 34 36 58 60 (2617)
25 34 40 52 58 (2680)
25 34 40 52 60 (2654)
25 34 40 58 60 (2661)
25 34 52 58 60 (2675)
25 36 40 48 52 (2694)
25 36 40 48 58 (2703)
25 36 40 48 60 (2687)
25 36 40 52 56 (2602)
25 36 40 52 58 (2757)
25 36 40 52 60 (2731)
25 36 40 52 62 (2647)
25 36 40 52 66 (2615)
25 36 40 52 7 (2641)
25 36 40 56 58 (2605)
25 36 40 58 60 (2740)
25 36 40 58 62 (2657)
25 36 40 58 66 (2624)
25 36 40 58 7 (2650)
25 36 40 60 62 (2630)
25 36 40 60 66 (2625)
25 36 40 60 7 (2624)
25 36 48 52 58 (2719)
25 36 48 52 60 (2702)
25 36 48 52 7 (2603)
25 36 48 58 60 (2711)
25 36 48 58 62 (2608)
25 36 48 58 66 (2601)
25 36 48 58 7 (2612)
25 36 48 60 66 (2602)
25 36 52 56 58 (2626)
25 36 52 58 60 (2755)
25 36 52 58 62 (2662)
25 36 52 58 66 (2638)
25 36 52 58 7 (2666)
25 36 52 60 62 (2635)
25 36 52 60 66 (2639)
25 36 52 60 7 (2639)
25 36 56 58 60 (2602)
25 36 58 60 62 (2645)
25 36 58 60 66 (2648)
25 36 58 60 7 (2648)
25 40 48 52 58 (2712)
25 40 48 52 60 (2696)
25 40 48 52 62 (2602)
25 40 48 58 60 (2705)
25 40 48 58 62 (2612)
25 40 48 58 7 (2605)
25 40 5 52 58 (2617)
25 40 5 58 60 (2600)
25 40 52 56 58 (2667)
25 40 52 56 60 (2641)
25 40 52 58 60 (2796)
25 40 52 58 62 (2713)
25 40 52 58 66 (2680)
25 40 52 58 7 (2706)
25 40 52 60 62 (2686)
25 40 52 60 66 (2681)
25 40 52 60 7 (2680)
25 40 56 58 60 (2644)
25 40 58 60 62 (2696)
25 40 58 60 66 (2690)
25 40 58 60 7 (2689)
25 40 58 62 7 (2606)
25 48 52 58 60 (2720)
25 48 52 58 62 (2617)
25 48 52 58 66 (2610)
25 48 52 58 7 (2621)
25 48 52 60 62 (2600)
25 48 52 60 66 (2611)
25 48 52 60 7 (2604)
25 48 58 60 62 (2610)
25 48 58 60 66 (2620)
25 48 58 60 7 (2613)
25 5 52 58 60 (2610)
25 52 56 58 60 (2664)
25 52 56 58 62 (2605)
25 52 58 60 62 (2701)
25 52 58 60 66 (2704)
25 52 58 60 7 (2704)
25 52 58 62 7 (2611)
25 58 60 62 66 (2600)
29 3 34 36 52 (2606)
29 3 34 36 58 (2613)
29 3 34 40 52 (2676)
29 3 34 40 58 (2683)
29 3 34 40 60 (2650)
29 3 34 40 7 (2609)
29 3 34 52 58 (2699)
29 3 34 52 60 (2665)
29 3 34 52 7 (2625)
29 3 34 58 60 (2672)
29 3 34 58 62 (2600)
29 3 34 58 7 (2632)
29 3 36 40 48 (2620)
29 3 36 40 52 (2711)
29 3 36 40 58 (2720)
29 3 36 40 60 (2687)
29 3 36 40 62 (2616)
29 3 36 40 7 (2646)
29 3 36 48 52 (2637)
29 3 36 48 58 (2646)
29 3 36 48 60 (2624)
29 3 36 52 56 (2607)
29 3 36 52 58 (2737)
29 3 36 52 60 (2703)
29 3 36 52 62 (2622)
29 3 36 52 66 (2601)
29 3 36 52 7 (2663)
29 3 36 56 58 (2611)
29 3 36 58 60 (2712)
29 3 36 58 62 (2631)
29 3 36 58 66 (2610)
29 3 36 58 7 (2672)
29 3 36 60 66 (2610)
29 3 36 60 7 (2638)
29 3 40 48 52 (2637)
29 3 40 48 58 (2646)
29 3 40 48 60 (2625)
29 3 40 5 52 (2609)
29 3 40 5 58 (2618)
29 3 40 52 56 (2675)
29 3 40 52 58 (2804)
29 3 40 52 60 (2771)
29 3 40 52 62 (2700)
29 3 40 52 66 (2670)
29 3 40 52 7 (2730)
29 3 40 56 58 (2679)
29 3 40 56 60 (2646)
29 3 40 56 62 (2613)
29 3 40 56 7 (2605)
29 3 40 58 60 (2780)
29 3 40 58 62 (2709)
29 3 40 58 66 (2679)
29 3 40 58 7 (2739)
29 3 40 60 62 (2676)
29 3 40 60 66 (2679)
29 3 40 60 7 (2706)
29 3 40 62 7 (2635)
29 3 40 66 7 (2606)
29 3 48 52 58 (2663)
29 3 48 52 60 (2641)
29 3 48 58 60 (2650)
29 3 5 52 58 (2630)
29 3 5 58 60 (2605)
29 3 52 56 58 (2700)
29 3 52 56 60 (2666)
29 3 52 56 62 (2623)
29 3 52 56 7 (2626)
29 3 52 58 60 (2796)
29 3 52 58 62 (2715)
29 3 52 58 66 (2694)
29 3 52 58 7 (2756)
29 3 52 60 62 (2682)
29 3 52 60 66 (2694)
29 3 52 60 7 (2722)
29 3 52 62 7 (2641)
29 3 52 66 7 (2621)
29 3 56 58 60 (2670)
29 3 56 58 62 (2627)
29 3 56 58 7 (2630)
29 3 58 60 62 (2691)
29 3 58 60 66 (2703)
29 3 58 60 7 (2731)
29 3 58 62 7 (2650)
29 3 58 66 7 (2630)
29 3 60 62 7 (2617)
29 3 60 66 7 (2630)
29 34 36 40 48 (2804)
29 34 36 40 5 (2769)
29 34 36 40 52 (2907)
29 34 36 40 56 (2760)
29 34 36 40 58 (2915)
29 34 36 40 60 (2872)
29 34 36 40 62 (2800)
29 34 36 40 66 (2764)
29 34 36 40 7 (2808)
29 34 36 40 9 (2634)
29 34 36 48 5 (2676)
29 34 36 48 52 (2818)
29 34 36 48 56 (2671)
29 34 36 48 58 (2826)
29 34 36 48 60 (2802)
29 34 36 48 62 (2700)
29 34 36 48 66 (2708)
29 34 36 48 7 (2719)
29 34 36 5 52 (2779)
29 34 36 5 56 (2635)
29 34 36 5 58 (2787)
29 34 36 5 60 (2743)
29 34 36 5 62 (2677)
29 34 36 5 66 (2652)
29 34 36 5 7 (2684)
29 34 36 52 56 (2778)
29 34 36 52 58 (2929)
29 34 36 52 60 (2885)
29 34 36 52 62 (2803)
29 34 36 52 66 (2776)
29 34 36 52 7 (2822)
29 34 36 52 9 (2646)
29 34 36 56 58 (2782)
29 34 36 56 60 (2738)
29 34 36 56 62 (2690)
29 34 36 56 66 (2629)
29 34 36 56 7 (2691)
29 34 36 58 60 (2893)
29 34 36 58 62 (2812)
29 34 36 58 66 (2784)
29 34 36 58 7 (2830)
29 34 36 58 9 (2653)
29 34 36 60 62 (2768)
29 34 36 60 66 (2785)
29 34 36 60 7 (2786)
29 34 36 60 9 (2617)
29 34 36 62 66 (2665)
29 34 36 62 7 (2704)
29 34 36 66 7 (2678)
29 34 40 48 5 (2683)
29 34 40 48 52 (2821)
29 34 40 48 56 (2674)
29 34 40 48 58 (2829)
29 34 40 48 60 (2806)
29 34 40 48 62 (2714)
29 34 40 48 66 (2713)
29 34 40 48 7 (2722)
29 34 40 5 52 (2857)
29 34 40 5 56 (2713)
29 34 40 5 58 (2865)
29 34 40 5 60 (2822)
29 34 40 5 62 (2763)
29 34 40 5 66 (2731)
29 34 40 5 7 (2762)
29 34 40 5 9 (2604)
29 34 40 52 56 (2852)
29 34 40 52 58 (3003)
29 34 40 52 60 (2960)
29 34 40 52 62 (2888)
29 34 40 52 66 (2852)
29 34 40 52 7 (2896)
29 34 40 52 9 (2723)
29 34 40 56 58 (2856)
29 34 40 56 60 (2813)
29 34 40 56 62 (2775)
29 34 40 56 66 (2705)
29 34 40 56 7 (2765)
29 34 40 56 9 (2615)
29 34 40 58 60 (2968)
29 34 40 58 62 (2897)
29 34 40 58 66 (2860)
29 34 40 58 7 (2904)
29 34 40 58 9 (2730)
29 34 40 60 62 (2853)
29 34 40 60 66 (2861)
29 34 40 60 7 (2861)
29 34 40 60 9 (2694)
29 34 40 62 66 (2750)
29 34 40 62 7 (2789)
29 34 40 62 9 (2625)
29 34 40 66 7 (2754)
29 34 40 7 9 (2624)
29 34 48 5 52 (2693)
29 34 48 5 58 (2701)
29 34 48 5 60 (2677)
29 34 48 5 66 (2601)
29 34 48 52 56 (2692)
29 34 48 52 58 (2843)
29 34 48 52 60 (2819)
29 34 48 52 62 (2717)
29 34 48 52 66 (2725)
29 34 48 52 7 (2736)
29 34 48 56 58 (2696)
29 34 48 56 60 (2672)
29 34 48 56 62 (2604)
29 34 48 56 7 (2605)
29 34 48 58 60 (2827)
29 34 48 58 62 (2726)
29 34 48 58 66 (2733)
29 34 48 58 7 (2744)
29 34 48 60 62 (2702)
29 34 48 60 66 (2734)
29 34 48 60 7 (2720)
29 34 48 62 66 (2614)
29 34 48 62 7 (2618)
29 34 48 66 7 (2627)
29 34 5 52 56 (2727)
29 34 5 52 58 (2875)
29 34 5 52 60 (2831)
29 34 5 52 62 (2765)
29 34 5 52 66 (2740)
29 34 5 52 7 (2772)
29 34 5 52 9 (2612)
29 34 5 56 58 (2731)
29 34 5 56 60 (2687)
29 34 5 56 62 (2652)
29 34 5 56 7 (2644)
29 34 5 58 60 (2839)
29 34 5 58 62 (2774)
29 34 5 58 66 (2748)
29 34 5 58 7 (2780)
29 34 5 58 9 (2619)
29 34 5 60 62 (2730)
29 34 5 60 66 (2749)
29 34 5 60 7 (2736)
29 34 5 62 66 (2643)
29 34 5 62 7 (2670)
29 34 5 66 7 (2646)
29 34 52 56 58 (2874)
29 34 52 56 60 (2830)
29 34 52 56 62 (2782)
29 34 52 56 66 (2721)
29 34 52 56 7 (2783)
29 34 52 56 9 (2630)
29 34 52 58 60 (2981)
29 34 52 58 62 (2900)
29 34 52 58 66 (2872)
29 34 52 58 7 (2918)
29 34 52 58 9 (2742)
29 34 52 60 62 (2856)
29 34 52 60 66 (2873)
29 34 52 60 7 (2874)
29 34 52 60 9 (2706)
29 34 52 62 66 (2753)
29 34 52 62 7 (2792)
29 34 52 62 9 (2627)
29 34 52 66 7 (2766)
29 34 52 66 9 (2600)
29 34 52 7 9 (2636)
29 34 56 58 60 (2834)
29 34 56 58 62 (2787)
29 34 56 58 66 (2725)
29 34 56 58 7 (2787)
29 34 56 58 9 (2634)
29 34 56 60 62 (2743)
29 34 56 60 66 (2726)
29 34 56 60 7 (2743)
29 34 56 62 66 (2640)
29 34 56 62 7 (2695)
29 34 56 66 7 (2635)
29 34 58 60 62 (2865)
29 34 58 60 66 (2881)
29 34 58 60 7 (2882)
29 34 58 60 9 (2713)
29 34 58 62 66 (2762)
29 34 58 62 7 (2801)
29 34 58 62 9 (2635)
29 34 58 66 7 (2774)
29 34 58 66 9 (2607)
29 34 58 7 9 (2643)
29 34 60 62 66 (2762)
29 34 60 62 7 (2757)
29 34 60 66 7 (2775)
29 34 60 66 9 (2608)
29 34 60 7 9 (2607)
29 34 62 66 7 (2655)
29 36 40 48 5 (2734)
29 36 40 48 52 (2935)
29 36 40 48 56 (2772)
29 36 40 48 58 (2945)
29 36 40 48 60 (2922)
29 36 40 48 62 (2821)
29 36 40 48 66 (2815)
29 36 40 48 7 (2834)
29 36 40 48 9 (2635)
29 36 40 5 52 (2835)
29 36 40 5 56 (2679)
29 36 40 5 58 (2845)
29 36 40 5 60 (2802)
29 36 40 5 62 (2742)
29 36 40 5 66 (2711)
29 36 40 5 7 (2738)
29 36 40 52 56 (2879)
29 36 40 52 58 (3046)
29 36 40 52 60 (3003)
29 36 40 52 62 (2922)
29 36 40 52 66 (2881)
29 36 40 52 7 (2935)
29 36 40 52 9 (2739)
29 36 40 56 58 (2883)
29 36 40 56 60 (2840)
29 36 40 56 62 (2797)
29 36 40 56 66 (2718)
29 36 40 56 7 (2790)
29 36 40 56 9 (2625)
29 36 40 58 60 (3013)
29 36 40 58 62 (2933)
29 36 40 58 66 (2891)
29 36 40 58 7 (2945)
29 36 40 58 9 (2746)
29 36 40 60 62 (2889)
29 36 40 60 66 (2892)
29 36 40 60 7 (2902)
29 36 40 60 9 (2710)
29 36 40 62 66 (2772)
29 36 40 62 7 (2821)
29 36 40 62 9 (2633)
29 36 40 66 7 (2781)
29 36 40 7 9 (2636)
29 36 42 52 58 (2607)
29 36 48 5 52 (2744)
29 36 48 5 58 (2754)
29 36 48 5 60 (2730)
29 36 48 5 62 (2643)
29 36 48 5 66 (2654)
29 36 48 5 7 (2647)
29 36 48 52 56 (2792)
29 36 48 52 58 (2960)
29 36 48 52 60 (2936)
29 36 48 52 62 (2825)
29 36 48 52 66 (2828)
29 36 48 52 7 (2849)
29 36 48 52 9 (2649)
29 36 48 56 58 (2796)
29 36 48 56 60 (2772)
29 36 48 56 62 (2699)
29 36 48 56 66 (2664)
29 36 48 56 7 (2703)
29 36 48 58 60 (2946)
29 36 48 58 62 (2836)
29 36 48 58 66 (2838)
29 36 48 58 7 (2859)
29 36 48 58 9 (2656)
29 36 48 60 62 (2812)
29 36 48 60 66 (2839)
29 36 48 60 7 (2835)
29 36 48 60 9 (2640)
29 36 48 62 66 (2710)
29 36 48 62 7 (2724)
29 36 48 66 7 (2728)
29 36 5 52 56 (2694)
29 36 5 52 58 (2855)
29 36 5 52 60 (2811)
29 36 5 52 62 (2744)
29 36 5 52 66 (2720)
29 36 5 52 7 (2748)
29 36 5 56 58 (2698)
29 36 5 56 60 (2654)
29 36 5 56 62 (2618)
29 36 5 56 7 (2609)
29 36 5 58 60 (2821)
29 36 5 58 62 (2755)
29 36 5 58 66 (2730)
29 36 5 58 7 (2758)
29 36 5 60 62 (2711)
29 36 5 60 66 (2731)
29 36 5 60 7 (2714)
29 36 5 62 66 (2624)
29 36 5 62 7 (2647)
29 36 5 66 7 (2624)
29 36 52 56 58 (2903)
29 36 52 56 60 (2859)
29 36 52 56 62 (2806)
29 36 52 56 66 (2736)
29 36 52 56 7 (2810)
29 36 52 56 9 (2642)
29 36 52 58 60 (3027)
29 36 52 58 62 (2937)
29 36 52 58 66 (2904)
29 36 52 58 7 (2960)
29 36 52 58 9 (2760)
29 36 52 60 62 (2893)
29 36 52 60 66 (2905)
29 36 52 60 7 (2916)
29 36 52 60 9 (2724)
29 36 52 62 66 (2776)
29 36 52 62 7 (2825)
29 36 52 62 9 (2637)
29 36 52 66 7 (2794)
29 36 52 66 9 (2606)
29 36 52 7 9 (2650)
29 36 56 58 60 (2863)
29 36 56 58 62 (2811)
29 36 56 58 66 (2740)
29 36 56 58 7 (2814)
29 36 56 58 9 (2646)
29 36 56 60 62 (2767)
29 36 56 60 66 (2741)
29 36 56 60 7 (2770)
29 36 56 60 9 (2610)
29 36 56 62 66 (2650)
29 36 56 62 7 (2717)
29 36 56 66 7 (2648)
29 36 58 60 62 (2904)
29 36 58 60 66 (2915)
29 36 58 60 7 (2926)
29 36 58 60 9 (2731)
29 36 58 62 66 (2787)
29 36 58 62 7 (2836)
29 36 58 62 9 (2645)
29 36 58 66 7 (2804)
29 36 58 66 9 (2613)
29 36 58 7 9 (2657)
29 36 60 62 66 (2787)
29 36 60 62 7 (2792)
29 36 60 62 9 (2608)
29 36 60 66 7 (2805)
29 36 60 66 9 (2614)
29 36 60 7 9 (2621)
29 36 62 66 7 (2676)
29 40 42 52 58 (2678)
29 40 42 52 60 (2655)
29 40 42 58 60 (2660)
29 40 48 5 52 (2749)
29 40 48 5 58 (2759)
29 40 48 5 60 (2736)
29 40 48 5 62 (2656)
29 40 48 5 66 (2660)
29 40 48 5 7 (2652)
29 40 48 52 56 (2793)
29 40 48 52 58 (2960)
29 40 48 52 60 (2937)
29 40 48 52 62 (2836)
29 40 48 52 66 (2830)
29 40 48 52 7 (2849)
29 40 48 52 9 (2653)
29 40 48 56 58 (2797)
29 40 48 56 60 (2774)
29 40 48 56 62 (2711)
29 40 48 56 66 (2667)
29 40 48 56 7 (2704)
29 40 48 58 60 (2947)
29 40 48 58 62 (2847)
29 40 48 58 66 (2840)
29 40 48 58 7 (2859)
29 40 48 58 9 (2660)
29 40 48 60 62 (2823)
29 40 48 60 66 (2841)
29 40 48 60 7 (2836)
29 40 48 60 9 (2644)
29 40 48 62 66 (2721)
29 40 48 62 7 (2735)
29 40 48 66 7 (2730)
29 40 5 52 56 (2771)
29 40 5 52 58 (2931)
29 40 5 52 60 (2888)
29 40 5 52 62 (2828)
29 40 5 52 66 (2797)
29 40 5 52 7 (2824)
29 40 5 52 9 (2654)
29 40 5 56 58 (2775)
29 40 5 56 60 (2732)
29 40 5 56 62 (2703)
29 40 5 56 66 (2641)
29 40 5 56 7 (2686)
29 40 5 58 60 (2898)
29 40 5 58 62 (2839)
29 40 5 58 66 (2807)
29 40 5 58 7 (2834)
29 40 5 58 9 (2661)
29 40 5 60 62 (2795)
29 40 5 60 66 (2808)
29 40 5 60 7 (2791)
29 40 5 60 9 (2625)
29 40 5 62 66 (2708)
29 40 5 62 7 (2731)
29 40 5 66 7 (2701)
29 40 52 56 58 (2975)
29 40 52 56 60 (2932)
29 40 52 56 62 (2889)
29 40 52 56 66 (2810)
29 40 52 56 7 (2882)
29 40 52 56 9 (2717)
29 40 52 58 60 (3099)
29 40 52 58 62 (3019)
29 40 52 58 64 (2613)
29 40 52 58 66 (2977)
29 40 52 58 7 (3031)
29 40 52 58 9 (2835)
29 40 52 60 62 (2975)
29 40 52 60 66 (2978)
29 40 52 60 7 (2988)
29 40 52 60 9 (2799)
29 40 52 62 66 (2858)
29 40 52 62 7 (2907)
29 40 52 62 9 (2722)
29 40 52 66 7 (2867)
29 40 52 66 9 (2682)
29 40 52 7 9 (2725)
29 40 56 58 60 (2936)
29 40 56 58 62 (2894)
29 40 56 58 66 (2814)
29 40 56 58 7 (2886)
29 40 56 58 9 (2721)
29 40 56 60 62 (2850)
29 40 56 60 66 (2815)
29 40 56 60 7 (2843)
29 40 56 60 9 (2685)
29 40 56 62 66 (2733)
29 40 56 62 7 (2800)
29 40 56 62 9 (2637)
29 40 56 66 7 (2722)
29 40 56 7 9 (2629)
29 40 58 60 62 (2986)
29 40 58 60 66 (2988)
29 40 58 60 7 (2998)
29 40 58 60 9 (2806)
29 40 58 62 66 (2869)
29 40 58 62 7 (2918)
29 40 58 62 9 (2730)
29 40 58 66 7 (2877)
29 40 58 66 9 (2689)
29 40 58 7 9 (2732)
29 40 60 62 66 (2869)
29 40 60 62 7 (2874)
29 40 60 62 9 (2693)
29 40 60 66 7 (2878)
29 40 60 66 9 (2690)
29 40 60 7 9 (2696)
29 40 62 66 7 (2758)
29 40 62 7 9 (2619)
29 42 52 58 60 (2671)
29 42 58 60 66 (2603)
29 48 5 52 56 (2608)
29 48 5 52 58 (2769)
29 48 5 52 60 (2745)
29 48 5 52 62 (2658)
29 48 5 52 66 (2669)
29 48 5 52 7 (2662)
29 48 5 56 58 (2612)
29 48 5 58 60 (2755)
29 48 5 58 62 (2669)
29 48 5 58 66 (2679)
29 48 5 58 7 (2672)
29 48 5 60 62 (2645)
29 48 5 60 66 (2680)
29 48 5 60 7 (2648)
29 48 52 56 58 (2817)
29 48 52 56 60 (2793)
29 48 52 56 62 (2720)
29 48 52 56 66 (2685)
29 48 52 56 7 (2724)
29 48 52 58 60 (2961)
29 48 52 58 62 (2851)
29 48 52 58 66 (2853)
29 48 52 58 7 (2874)
29 48 52 58 9 (2674)
29 48 52 60 62 (2827)
29 48 52 60 66 (2854)
29 48 52 60 7 (2850)
29 48 52 60 9 (2658)
29 48 52 62 66 (2725)
29 48 52 62 7 (2739)
29 48 52 66 7 (2743)
29 48 56 58 60 (2797)
29 48 56 58 62 (2725)
29 48 56 58 66 (2689)
29 48 56 58 7 (2728)
29 48 56 60 62 (2701)
29 48 56 60 66 (2690)
29 48 56 60 7 (2704)
29 48 56 62 7 (2631)
29 48 58 60 62 (2838)
29 48 58 60 66 (2864)
29 48 58 60 7 (2860)
29 48 58 60 9 (2665)
29 48 58 62 66 (2736)
29 48 58 62 7 (2750)
29 48 58 66 7 (2753)
29 48 60 62 66 (2736)
29 48 60 62 7 (2726)
29 48 60 66 7 (2754)
29 48 62 66 7 (2625)
29 5 52 56 58 (2790)
29 5 52 56 60 (2746)
29 5 52 56 62 (2710)
29 5 52 56 66 (2655)
29 5 52 56 7 (2701)
29 5 52 58 60 (2907)
29 5 52 58 62 (2841)
29 5 52 58 66 (2816)
29 5 52 58 7 (2844)
29 5 52 58 9 (2670)
29 5 52 60 62 (2797)
29 5 52 60 66 (2817)
29 5 52 60 7 (2800)
29 5 52 60 9 (2634)
29 5 52 62 66 (2710)
29 5 52 62 7 (2733)
29 5 52 66 7 (2710)
29 5 56 58 60 (2750)
29 5 56 58 62 (2715)
29 5 56 58 66 (2659)
29 5 56 58 7 (2705)
29 5 56 60 62 (2671)
29 5 56 60 66 (2660)
29 5 56 60 7 (2661)
29 5 56 62 7 (2625)
29 5 58 60 62 (2808)
29 5 58 60 66 (2827)
29 5 58 60 7 (2810)
29 5 58 60 9 (2641)
29 5 58 62 66 (2721)
29 5 58 62 7 (2744)
29 5 58 66 7 (2720)
29 5 60 62 66 (2721)
29 5 60 62 7 (2700)
29 5 60 66 7 (2721)
29 5 62 66 7 (2614)
29 52 56 58 60 (2955)
29 52 56 58 62 (2903)
29 52 56 58 66 (2832)
29 52 56 58 7 (2906)
29 52 56 58 9 (2738)
29 52 56 60 62 (2859)
29 52 56 60 66 (2833)
29 52 56 60 7 (2862)
29 52 56 60 9 (2702)
29 52 56 62 66 (2742)
29 52 56 62 7 (2809)
29 52 56 62 9 (2644)
29 52 56 66 7 (2740)
29 52 56 7 9 (2646)
29 52 58 60 62 (2990)
29 52 58 60 66 (3001)
29 52 58 60 7 (3012)
29 52 58 60 9 (2820)
29 52 58 62 66 (2873)
29 52 58 62 7 (2922)
29 52 58 62 9 (2734)
29 52 58 66 7 (2890)
29 52 58 66 9 (2702)
29 52 58 7 9 (2746)
29 52 60 62 66 (2873)
29 52 60 62 7 (2878)
29 52 60 62 9 (2697)
29 52 60 66 7 (2891)
29 52 60 66 9 (2703)
29 52 60 7 9 (2710)
29 52 62 66 7 (2762)
29 52 62 7 9 (2623)
29 56 58 60 62 (2864)
29 56 58 60 66 (2837)
29 56 58 60 7 (2866)
29 56 58 60 9 (2706)
29 56 58 62 66 (2747)
29 56 58 62 7 (2814)
29 56 58 62 9 (2649)
29 56 58 66 7 (2744)
29 56 58 7 9 (2650)
29 56 60 62 66 (2747)
29 56 60 62 7 (2770)
29 56 60 62 9 (2612)
29 56 60 66 7 (2745)
29 56 60 7 9 (2614)
29 56 62 66 7 (2654)
29 58 60 62 66 (2884)
29 58 60 62 7 (2889)
29 58 60 62 9 (2705)
29 58 60 66 7 (2901)
29 58 60 66 9 (2710)
29 58 60 7 9 (2717)
29 58 62 66 7 (2773)
29 58 62 7 9 (2631)
29 58 66 7 9 (2600)
29 60 62 66 7 (2773)
29 60 66 7 9 (2601)
3 34 36 52 58 (2606)
3 34 40 52 58 (2676)
3 34 40 52 60 (2643)
3 34 40 52 7 (2602)
3 34 40 58 60 (2650)
3 34 40 58 7 (2609)
3 34 52 58 60 (2665)
3 34 52 58 7 (2625)
3 36 40 48 52 (2611)
3 36 40 48 58 (2620)
3 36 40 52 58 (2711)
3 36 40 52 60 (2678)
3 36 40 52 62 (2607)
3 36 40 52 7 (2637)
3 36 40 58 60 (2687)
3 36 40 58 62 (2616)
3 36 40 58 7 (2646)
3 36 40 60 7 (2613)
3 36 48 52 58 (2637)
3 36 48 52 60 (2615)
3 36 48 58 60 (2624)
3 36 52 56 58 (2607)
3 36 52 58 60 (2703)
3 36 52 58 62 (2622)
3 36 52 58 66 (2601)
3 36 52 58 7 (2663)
3 36 52 60 66 (2601)
3 36 52 60 7 (2629)
3 36 58 60 66 (2610)
3 36 58 60 7 (2638)
3 40 48 52 58 (2637)
3 40 48 52 60 (2616)
3 40 48 58 60 (2625)
3 40 5 52 58 (2609)
3 40 52 56 58 (2675)
3 40 52 56 60 (2642)
3 40 52 56 62 (2609)
3 40 52 56 7 (2601)
3 40 52 58 60 (2771)
3 40 52 58 62 (2700)
3 40 52 58 66 (2670)
3 40 52 58 7 (2730)
3 40 52 60 62 (2667)
3 40 52 60 66 (2670)
3 40 52 60 7 (2697)
3 40 52 62 7 (2626)
3 40 56 58 60 (2646)
3 40 56 58 62 (2613)
3 40 56 58 7 (2605)
3 40 58 60 62 (2676)
3 40 58 60 66 (2679)
3 40 58 60 7 (2706)
3 40 58 62 7 (2635)
3 40 58 66 7 (2606)
3 40 60 62 7 (2602)
3 40 60 66 7 (2606)
3 48 52 58 60 (2641)
3 52 56 58 60 (2666)
3 52 56 58 62 (2623)
3 52 56 58 7 (2626)
3 52 58 60 62 (2682)
3 52 58 60 66 (2694)
3 52 58 60 7 (2722)
3 52 58 62 7 (2641)
3 52 58 66 7 (2621)
3 52 60 62 7 (2608)
3 52 60 66 7 (2621)
3 58 60 62 7 (2617)
3 58 60 66 7 (2630)
34 36 40 48 5 (2661)
34 36 40 48 52 (2799)
34 36 40 48 56 (2652)
34 36 40 48 58 (2807)
34 36 40 48 60 (2784)
34 36 40 48 62 (2692)
34 36 40 48 66 (2691)
34 36 40 48 7 (2698)
34 36 40 5 52 (2764)
34 36 40 5 56 (2620)
34 36 40 5 58 (2772)
34 36 40 5 60 (2729)
34 36 40 5 62 (2670)
34 36 40 5 66 (2638)
34 36 40 5 7 (2667)
34 36 40 52 56 (2759)
34 36 40 52 58 (2910)
34 36 40 52 60 (2867)
34 36 40 52 62 (2795)
34 36 40 52 66 (2759)
34 36 40 52 7 (2801)
34 36 40 52 9 (2628)
34 36 40 56 58 (2763)
34 36 40 56 60 (2720)
34 36 40 56 62 (2682)
34 36 40 56 66 (2612)
34 36 40 56 7 (2670)
34 36 40 58 60 (2875)
34 36 40 58 62 (2804)
34 36 40 58 66 (2767)
34 36 40 58 7 (2809)
34 36 40 58 9 (2635)
34 36 40 60 62 (2760)
34 36 40 60 66 (2768)
34 36 40 60 7 (2766)
34 36 40 62 66 (2657)
34 36 40 62 7 (2694)
34 36 40 66 7 (2659)
34 36 48 5 52 (2671)
34 36 48 5 58 (2679)
34 36 48 5 60 (2655)
34 36 48 52 56 (2670)
34 36 48 52 58 (2821)
34 36 48 52 60 (2797)
34 36 48 52 62 (2695)
34 36 48 52 66 (2703)
34 36 48 52 7 (2712)
34 36 48 56 58 (2674)
34 36 48 56 60 (2650)
34 36 48 58 60 (2805)
34 36 48 58 62 (2704)
34 36 48 58 66 (2711)
34 36 48 58 7 (2720)
34 36 48 60 62 (2680)
34 36 48 60 66 (2712)
34 36 48 60 7 (2696)
34 36 48 66 7 (2603)
34 36 5 52 56 (2634)
34 36 5 52 58 (2782)
34 36 5 52 60 (2738)
34 36 5 52 62 (2672)
34 36 5 52 66 (2647)
34 36 5 52 7 (2677)
34 36 5 56 58 (2638)
34 36 5 58 60 (2746)
34 36 5 58 62 (2681)
34 36 5 58 66 (2655)
34 36 5 58 7 (2685)
34 36 5 60 62 (2637)
34 36 5 60 66 (2656)
34 36 5 60 7 (2641)
34 36 52 56 58 (2781)
34 36 52 56 60 (2737)
34 36 52 56 62 (2689)
34 36 52 56 66 (2628)
34 36 52 56 7 (2688)
34 36 52 58 60 (2888)
34 36 52 58 62 (2807)
34 36 52 58 66 (2779)
34 36 52 58 7 (2823)
34 36 52 58 9 (2647)
34 36 52 60 62 (2763)
34 36 52 60 66 (2780)
34 36 52 60 7 (2779)
34 36 52 60 9 (2611)
34 36 52 62 66 (2660)
34 36 52 62 7 (2697)
34 36 52 66 7 (2671)
34 36 56 58 60 (2741)
34 36 56 58 62 (2694)
34 36 56 58 66 (2632)
34 36 56 58 7 (2692)
34 36 56 60 62 (2650)
34 36 56 60 66 (2633)
34 36 56 60 7 (2648)
34 36 56 62 7 (2600)
34 36 58 60 62 (2772)
34 36 58 60 66 (2788)
34 36 58 60 7 (2787)
34 36 58 60 9 (2618)
34 36 58 62 66 (2669)
34 36 58 62 7 (2706)
34 36 58 66 7 (2679)
34 36 60 62 66 (2669)
34 36 60 62 7 (2662)
34 36 60 66 7 (2680)
34 40 48 5 52 (2678)
34 40 48 5 58 (2686)
34 40 48 5 60 (2663)
34 40 48 52 56 (2673)
34 40 48 52 58 (2824)
34 40 48 52 60 (2801)
34 40 48 52 62 (2709)
34 40 48 52 66 (2708)
34 40 48 52 7 (2715)
34 40 48 56 58 (2677)
34 40 48 56 60 (2654)
34 40 48 58 60 (2809)
34 40 48 58 62 (2718)
34 40 48 58 66 (2716)
34 40 48 58 7 (2723)
34 40 48 60 62 (2694)
34 40 48 60 66 (2717)
34 40 48 60 7 (2700)
34 40 48 62 66 (2606)
34 40 48 62 7 (2608)
34 40 48 66 7 (2608)
34 40 5 52 56 (2712)
34 40 5 52 58 (2860)
34 40 5 52 60 (2817)
34 40 5 52 62 (2758)
34 40 5 52 66 (2726)
34 40 5 52 7 (2755)
34 40 5 56 58 (2716)
34 40 5 56 60 (2673)
34 40 5 56 62 (2645)
34 40 5 56 7 (2627)
34 40 5 58 60 (2825)
34 40 5 58 62 (2767)
34 40 5 58 66 (2734)
34 40 5 58 7 (2763)
34 40 5 58 9 (2605)
34 40 5 60 62 (2723)
34 40 5 60 66 (2735)
34 40 5 60 7 (2720)
34 40 5 62 66 (2636)
34 40 5 62 7 (2661)
34 40 5 66 7 (2630)
34 40 52 56 58 (2855)
34 40 52 56 60 (2812)
34 40 52 56 62 (2774)
34 40 52 56 66 (2704)
34 40 52 56 7 (2762)
34 40 52 56 9 (2612)
34 40 52 58 60 (2963)
34 40 52 58 62 (2892)
34 40 52 58 66 (2855)
34 40 52 58 7 (2897)
34 40 52 58 9 (2724)
34 40 52 60 62 (2848)
34 40 52 60 66 (2856)
34 40 52 60 7 (2854)
34 40 52 60 9 (2688)
34 40 52 62 66 (2745)
34 40 52 62 7 (2782)
34 40 52 62 9 (2619)
34 40 52 66 7 (2747)
34 40 52 7 9 (2616)
34 40 56 58 60 (2816)
34 40 56 58 62 (2779)
34 40 56 58 66 (2708)
34 40 56 58 7 (2766)
34 40 56 58 9 (2616)
34 40 56 60 62 (2735)
34 40 56 60 66 (2709)
34 40 56 60 7 (2723)
34 40 56 62 66 (2632)
34 40 56 62 7 (2685)
34 40 56 66 7 (2616)
34 40 58 60 62 (2857)
34 40 58 60 66 (2864)
34 40 58 60 7 (2862)
34 40 58 60 9 (2695)
34 40 58 62 66 (2754)
34 40 58 62 7 (2791)
34 40 58 62 9 (2627)
34 40 58 66 7 (2755)
34 40 58 7 9 (2623)
34 40 60 62 66 (2754)
34 40 60 62 7 (2747)
34 40 60 66 7 (2756)
34 40 62 66 7 (2645)
34 48 5 52 58 (2696)
34 48 5 52 60 (2672)
34 48 5 58 60 (2680)
34 48 5 58 66 (2604)
34 48 5 60 66 (2605)
34 48 52 56 58 (2695)
34 48 52 56 60 (2671)
34 48 52 56 62 (2603)
34 48 52 56 7 (2602)
34 48 52 58 60 (2822)
34 48 52 58 62 (2721)
34 48 52 58 66 (2728)
34 48 52 58 7 (2737)
34 48 52 60 62 (2697)
34 48 52 60 66 (2729)
34 48 52 60 7 (2713)
34 48 52 62 66 (2609)
34 48 52 62 7 (2611)
34 48 52 66 7 (2620)
34 48 56 58 60 (2675)
34 48 56 58 62 (2608)
34 48 56 58 7 (2606)
34 48 58 60 62 (2706)
34 48 58 60 66 (2737)
34 48 58 60 7 (2721)
34 48 58 62 66 (2618)
34 48 58 62 7 (2620)
34 48 58 66 7 (2628)
34 48 60 62 66 (2618)
34 48 60 66 7 (2629)
34 5 52 56 58 (2730)
34 5 52 56 60 (2686)
34 5 52 56 62 (2651)
34 5 52 56 7 (2641)
34 5 52 58 60 (2834)
34 5 52 58 62 (2769)
34 5 52 58 66 (2743)
34 5 52 58 7 (2773)
34 5 52 58 9 (2613)
34 5 52 60 62 (2725)
34 5 52 60 66 (2744)
34 5 52 60 7 (2729)
34 5 52 62 66 (2638)
34 5 52 62 7 (2663)
34 5 52 66 7 (2639)
34 5 56 58 60 (2690)
34 5 56 58 62 (2656)
34 5 56 58 7 (2645)
34 5 56 60 62 (2612)
34 5 56 60 66 (2600)
34 5 56 60 7 (2601)
34 5 58 60 62 (2734)
34 5 58 60 66 (2752)
34 5 58 60 7 (2737)
34 5 58 62 66 (2647)
34 5 58 62 7 (2672)
34 5 58 66 7 (2647)
34 5 60 62 66 (2647)
34 5 60 62 7 (2628)
34 5 60 66 7 (2648)
34 52 56 58 60 (2833)
34 52 56 58 62 (2786)
34 52 56 58 66 (2724)
34 52 56 58 7 (2784)
34 52 56 58 9 (2631)
34 52 56 60 62 (2742)
34 52 56 60 66 (2725)
34 52 56 60 7 (2740)
34 52 56 62 66 (2639)
34 52 56 62 7 (2692)
34 52 56 66 7 (2632)
34 52 58 60 62 (2860)
34 52 58 60 66 (2876)
34 52 58 60 7 (2875)
34 52 58 60 9 (2707)
34 52 58 62 66 (2757)
34 52 58 62 7 (2794)
34 52 58 62 9 (2629)
34 52 58 66 7 (2767)
34 52 58 66 9 (2601)
34 52 58 7 9 (2635)
34 52 60 62 66 (2757)
34 52 60 62 7 (2750)
34 52 60 66 7 (2768)
34 52 60 66 9 (2602)
34 52 62 66 7 (2648)
34 56 58 60 62 (2747)
34 56 58 60 66 (2729)
34 56 58 60 7 (2744)
34 56 58 62 66 (2644)
34 56 58 62 7 (2697)
34 56 58 66 7 (2636)
34 56 60 62 66 (2644)
34 56 60 62 7 (2653)
34 56 60 66 7 (2637)
34 58 60 62 66 (2766)
34 58 60 62 7 (2759)
34 58 60 62 9 (2600)
34 58 60 66 7 (2776)
34 58 60 66 9 (2609)
34 58 60 7 9 (2606)
34 58 62 66 7 (2657)
34 60 62 66 7 (2657)
36 40 42 52 58 (2602)
36 40 48 5 52 (2730)
36 40 48 5 58 (2740)
36 40 48 5 60 (2715)
36 40 48 5 62 (2637)
36 40 48 5 66 (2638)
36 40 48 5 7 (2629)
36 40 48 52 56 (2782)
36 40 48 52 58 (2949)
36 40 48 52 60 (2924)
36 40 48 52 62 (2825)
36 40 48 52 66 (2812)
36 40 48 52 7 (2830)
36 40 48 52 9 (2635)
36 40 48 56 58 (2786)
36 40 48 56 60 (2761)
36 40 48 56 62 (2700)
36 40 48 56 66 (2649)
36 40 48 56 7 (2685)
36 40 48 58 60 (2934)
36 40 48 58 62 (2836)
36 40 48 58 66 (2822)
36 40 48 58 7 (2840)
36 40 48 58 9 (2642)
36 40 48 60 62 (2810)
36 40 48 60 66 (2823)
36 40 48 60 7 (2817)
36 40 48 60 9 (2624)
36 40 48 62 66 (2703)
36 40 48 62 7 (2716)
36 40 48 66 7 (2708)
36 40 5 52 56 (2681)
36 40 5 52 58 (2841)
36 40 5 52 60 (2796)
36 40 5 52 62 (2738)
36 40 5 52 66 (2704)
36 40 5 52 7 (2730)
36 40 5 56 58 (2685)
36 40 5 56 60 (2640)
36 40 5 56 62 (2613)
36 40 5 58 60 (2806)
36 40 5 58 62 (2749)
36 40 5 58 66 (2714)
36 40 5 58 7 (2740)
36 40 5 60 62 (2703)
36 40 5 60 66 (2715)
36 40 5 60 7 (2697)
36 40 5 62 66 (2615)
36 40 5 62 7 (2637)
36 40 5 66 7 (2606)
36 40 52 56 58 (2893)
36 40 52 56 60 (2848)
36 40 52 56 62 (2807)
36 40 52 56 66 (2721)
36 40 52 56 7 (2792)
36 40 52 56 9 (2628)
36 40 52 58 60 (3015)
36 40 52 58 62 (2937)
36 40 52 58 66 (2888)
36 40 52 58 7 (2941)
36 40 52 58 9 (2746)
36 40 52 60 62 (2891)
36 40 52 60 66 (2889)
36 40 52 60 7 (2898)
36 40 52 60 9 (2708)
36 40 52 62 66 (2769)
36 40 52 62 7 (2817)
36 40 52 62 9 (2633)
36 40 52 66 7 (2774)
36 40 52 7 9 (2628)
36 40 56 58 60 (2852)
36 40 56 58 62 (2812)
36 40 56 58 66 (2725)
36 40 56 58 7 (2796)
36 40 56 58 9 (2632)
36 40 56 60 62 (2766)
36 40 56 60 66 (2726)
36 40 56 60 7 (2753)
36 40 56 62 66 (2644)
36 40 56 62 7 (2710)
36 40 56 66 7 (2629)
36 40 58 60 62 (2902)
36 40 58 60 66 (2899)
36 40 58 60 7 (2908)
36 40 58 60 9 (2715)
36 40 58 62 66 (2780)
36 40 58 62 7 (2828)
36 40 58 62 9 (2641)
36 40 58 66 7 (2784)
36 40 58 7 9 (2635)
36 40 60 62 66 (2780)
36 40 60 62 7 (2784)
36 40 60 62 9 (2602)
36 40 60 66 7 (2785)
36 40 62 66 7 (2665)
36 48 5 52 58 (2750)
36 48 5 52 60 (2724)
36 48 5 52 62 (2639)
36 48 5 52 66 (2647)
36 48 5 52 7 (2639)
36 48 5 58 60 (2734)
36 48 5 58 62 (2650)
36 48 5 58 66 (2657)
36 48 5 58 7 (2649)
36 48 5 60 62 (2624)
36 48 5 60 66 (2658)
36 48 5 60 7 (2625)
36 48 52 56 58 (2806)
36 48 52 56 60 (2780)
36 48 52 56 62 (2709)
36 48 52 56 66 (2667)
36 48 52 56 7 (2705)
36 48 52 58 60 (2948)
36 48 52 58 62 (2840)
36 48 52 58 66 (2835)
36 48 52 58 7 (2855)
36 48 52 58 9 (2656)
36 48 52 60 62 (2814)
36 48 52 60 66 (2836)
36 48 52 60 7 (2831)
36 48 52 60 9 (2638)
36 48 52 62 66 (2707)
36 48 52 62 7 (2720)
36 48 52 66 7 (2721)
36 48 56 58 60 (2784)
36 48 56 58 62 (2714)
36 48 56 58 66 (2671)
36 48 56 58 7 (2709)
36 48 56 60 62 (2688)
36 48 56 60 66 (2672)
36 48 56 60 7 (2685)
36 48 56 62 7 (2612)
36 48 58 60 62 (2825)
36 48 58 60 66 (2846)
36 48 58 60 7 (2841)
36 48 58 60 9 (2645)
36 48 58 62 66 (2718)
36 48 58 62 7 (2731)
36 48 58 66 7 (2731)
36 48 60 62 66 (2718)
36 48 60 62 7 (2707)
36 48 60 66 7 (2732)
36 48 62 66 7 (2603)
36 5 52 56 58 (2700)
36 5 52 56 60 (2654)
36 5 52 56 62 (2620)
36 5 52 56 7 (2607)
36 5 52 58 60 (2815)
36 5 52 58 62 (2751)
36 5 52 58 66 (2723)
36 5 52 58 7 (2750)
36 5 52 60 62 (2705)
36 5 52 60 66 (2724)
36 5 52 60 7 (2706)
36 5 52 62 66 (2617)
36 5 52 62 7 (2639)
36 5 52 66 7 (2615)
36 5 56 58 60 (2658)
36 5 56 58 62 (2625)
36 5 56 58 7 (2611)
36 5 58 60 62 (2716)
36 5 58 60 66 (2734)
36 5 58 60 7 (2716)
36 5 58 62 66 (2628)
36 5 58 62 7 (2650)
36 5 58 66 7 (2625)
36 5 60 62 66 (2628)
36 5 60 62 7 (2606)
36 5 60 66 7 (2626)
36 52 56 58 60 (2871)
36 52 56 58 62 (2821)
36 52 56 58 66 (2743)
36 52 56 58 7 (2816)
36 52 56 58 9 (2649)
36 52 56 60 62 (2775)
36 52 56 60 66 (2744)
36 52 56 60 7 (2772)
36 52 56 60 9 (2611)
36 52 56 62 66 (2653)
36 52 56 62 7 (2719)
36 52 56 66 7 (2647)
36 52 58 60 62 (2906)
36 52 58 60 66 (2912)
36 52 58 60 7 (2922)
36 52 58 60 9 (2729)
36 52 58 62 66 (2784)
36 52 58 62 7 (2832)
36 52 58 62 9 (2645)
36 52 58 66 7 (2797)
36 52 58 66 9 (2609)
36 52 58 7 9 (2649)
36 52 60 62 66 (2784)
36 52 60 62 7 (2788)
36 52 60 62 9 (2606)
36 52 60 66 7 (2798)
36 52 60 66 9 (2610)
36 52 60 7 9 (2613)
36 52 62 66 7 (2669)
36 56 58 60 62 (2780)
36 56 58 60 66 (2748)
36 56 58 60 7 (2776)
36 56 58 60 9 (2615)
36 56 58 62 66 (2658)
36 56 58 62 7 (2724)
36 56 58 66 7 (2651)
36 56 60 62 66 (2658)
36 56 60 62 7 (2680)
36 56 60 66 7 (2652)
36 58 60 62 66 (2795)
36 58 60 62 7 (2799)
36 58 60 62 9 (2614)
36 58 60 66 7 (2808)
36 58 60 66 9 (2617)
36 58 60 7 9 (2620)
36 58 62 66 7 (2680)
36 60 62 66 7 (2680)
40 42 52 58 60 (2664)
40 48 5 52 58 (2755)
40 48 5 52 60 (2730)
40 48 5 52 62 (2652)
40 48 5 52 66 (2653)
40 48 5 52 7 (2644)
40 48 5 58 60 (2740)
40 48 5 58 62 (2663)
40 48 5 58 66 (2663)
40 48 5 58 7 (2654)
40 48 5 60 62 (2637)
40 48 5 60 66 (2664)
40 48 5 60 7 (2631)
40 48 52 56 58 (2807)
40 48 52 56 60 (2782)
40 48 52 56 62 (2721)
40 48 52 56 66 (2670)
40 48 52 56 7 (2706)
40 48 52 58 60 (2949)
40 48 52 58 62 (2851)
40 48 52 58 66 (2837)
40 48 52 58 7 (2855)
40 48 52 58 9 (2660)
40 48 52 60 62 (2825)
40 48 52 60 66 (2838)
40 48 52 60 7 (2832)
40 48 52 60 9 (2642)
40 48 52 62 66 (2718)
40 48 52 62 7 (2731)
40 48 52 66 7 (2723)
40 48 56 58 60 (2786)
40 48 56 58 62 (2726)
40 48 56 58 66 (2674)
40 48 56 58 7 (2710)
40 48 56 60 62 (2700)
40 48 56 60 66 (2675)
40 48 56 60 7 (2687)
40 48 56 62 7 (2624)
40 48 58 60 62 (2836)
40 48 58 60 66 (2848)
40 48 58 60 7 (2842)
40 48 58 60 9 (2649)
40 48 58 62 66 (2729)
40 48 58 62 7 (2742)
40 48 58 66 7 (2733)
40 48 60 62 66 (2729)
40 48 60 62 7 (2718)
40 48 60 66 7 (2734)
40 48 62 66 7 (2614)
40 5 52 56 58 (2777)
40 5 52 56 60 (2732)
40 5 52 56 62 (2705)
40 5 52 56 66 (2640)
40 5 52 56 7 (2684)
40 5 52 58 60 (2892)
40 5 52 58 62 (2835)
40 5 52 58 66 (2800)
40 5 52 58 7 (2826)
40 5 52 58 9 (2657)
40 5 52 60 62 (2789)
40 5 52 60 66 (2801)
40 5 52 60 7 (2783)
40 5 52 60 9 (2619)
40 5 52 62 66 (2701)
40 5 52 62 7 (2723)
40 5 52 66 7 (2692)
40 5 56 58 60 (2736)
40 5 56 58 62 (2710)
40 5 56 58 66 (2644)
40 5 56 58 7 (2688)
40 5 56 60 62 (2664)
40 5 56 60 66 (2645)
40 5 56 60 7 (2645)
40 5 56 62 7 (2616)
40 5 58 60 62 (2800)
40 5 58 60 66 (2811)
40 5 58 60 7 (2793)
40 5 58 60 9 (2626)
40 5 58 62 66 (2712)
40 5 58 62 7 (2734)
40 5 58 66 7 (2702)
40 5 60 62 66 (2712)
40 5 60 62 7 (2690)
40 5 60 66 7 (2703)
40 5 62 66 7 (2603)
40 52 56 58 60 (2944)
40 52 56 58 62 (2904)
40 52 56 58 66 (2817)
40 52 56 58 7 (2888)
40 52 56 58 9 (2724)
40 52 56 60 62 (2858)
40 52 56 60 66 (2818)
40 52 56 60 7 (2845)
40 52 56 60 9 (2686)
40 52 56 62 66 (2736)
40 52 56 62 7 (2802)
40 52 56 62 9 (2640)
40 52 56 66 7 (2721)
40 52 56 7 9 (2624)
40 52 58 60 62 (2988)
40 52 58 60 66 (2985)
40 52 58 60 7 (2994)
40 52 58 60 9 (2804)
40 52 58 62 66 (2866)
40 52 58 62 7 (2914)
40 52 58 62 9 (2730)
40 52 58 66 7 (2870)
40 52 58 66 9 (2685)
40 52 58 7 9 (2724)
40 52 60 62 66 (2866)
40 52 60 62 7 (2870)
40 52 60 62 9 (2691)
40 52 60 66 7 (2871)
40 52 60 66 9 (2686)
40 52 60 7 9 (2688)
40 52 62 66 7 (2751)
40 52 62 7 9 (2611)
40 56 58 60 62 (2863)
40 56 58 60 66 (2822)
40 56 58 60 7 (2849)
40 56 58 60 9 (2690)
40 56 58 62 66 (2741)
40 56 58 62 7 (2807)
40 56 58 62 9 (2645)
40 56 58 66 7 (2725)
40 56 58 7 9 (2628)
40 56 60 62 66 (2741)
40 56 60 62 7 (2763)
40 56 60 62 9 (2606)
40 56 60 66 7 (2726)
40 56 62 66 7 (2644)
40 58 60 62 66 (2877)
40 58 60 62 7 (2881)
40 58 60 62 9 (2699)
40 58 60 66 7 (2881)
40 58 60 66 9 (2693)
40 58 60 7 9 (2695)
40 58 62 66 7 (2762)
40 58 62 7 9 (2619)
40 60 62 66 7 (2762)
42 52 58 60 66 (2605)
48 5 52 56 58 (2614)
48 5 52 58 60 (2749)
48 5 52 58 62 (2665)
48 5 52 58 66 (2672)
48 5 52 58 7 (2664)
48 5 52 60 62 (2639)
48 5 52 60 66 (2673)
48 5 52 60 7 (2640)
48 5 58 60 62 (2650)
48 5 58 60 66 (2683)
48 5 58 60 7 (2650)
48 52 56 58 60 (2805)
48 52 56 58 62 (2735)
48 52 56 58 66 (2692)
48 52 56 58 7 (2730)
48 52 56 60 62 (2709)
48 52 56 60 66 (2693)
48 52 56 60 7 (2706)
48 52 56 62 66 (2602)
48 52 56 62 7 (2633)
48 52 58 60 62 (2840)
48 52 58 60 66 (2861)
48 52 58 60 7 (2856)
48 52 58 60 9 (2663)
48 52 58 62 66 (2733)
48 52 58 62 7 (2746)
48 52 58 66 7 (2746)
48 52 60 62 66 (2733)
48 52 60 62 7 (2722)
48 52 60 66 7 (2747)
48 52 62 66 7 (2618)
48 56 58 60 62 (2714)
48 56 58 60 66 (2697)
48 56 58 60 7 (2710)
48 56 58 62 66 (2607)
48 56 58 62 7 (2638)
48 56 58 66 7 (2600)
48 56 60 62 66 (2607)
48 56 60 62 7 (2614)
48 56 60 66 7 (2601)
48 58 60 62 66 (2744)
48 58 60 62 7 (2733)
48 58 60 66 7 (2757)
48 58 62 66 7 (2629)
48 60 62 66 7 (2629)
5 52 56 58 60 (2750)
5 52 56 58 62 (2717)
5 52 56 58 66 (2658)
5 52 56 58 7 (2703)
5 52 56 60 62 (2671)
5 52 56 60 66 (2659)
5 52 56 60 7 (2659)
5 52 56 62 7 (2623)
5 52 58 60 62 (2802)
5 52 58 60 66 (2820)
5 52 58 60 7 (2802)
5 52 58 60 9 (2635)
5 52 58 62 66 (2714)
5 52 58 62 7 (2736)
5 52 58 66 7 (2711)
5 52 60 62 66 (2714)
5 52 60 62 7 (2692)
5 52 60 66 7 (2712)
5 52 62 66 7 (2605)
5 56 58 60 62 (2676)
5 56 58 60 66 (2663)
5 56 58 60 7 (2663)
5 56 58 62 7 (2628)
5 58 60 62 66 (2725)
5 58 60 62 7 (2703)
5 58 60 66 7 (2722)
5 58 62 66 7 (2616)
5 60 62 66 7 (2616)
52 56 58 60 62 (2872)
52 56 58 60 66 (2840)
52 56 58 60 7 (2868)
52 56 58 60 9 (2707)
52 56 58 62 66 (2750)
52 56 58 62 7 (2816)
52 56 58 62 9 (2652)
52 56 58 66 7 (2743)
52 56 58 7 9 (2645)
52 56 60 62 66 (2750)
52 56 60 62 7 (2772)
52 56 60 62 9 (2613)
52 56 60 66 7 (2744)
52 56 60 7 9 (2609)
52 56 62 66 7 (2653)
52 58 60 62 66 (2881)
52 58 60 62 7 (2885)
52 58 60 62 9 (2703)
52 58 60 66 7 (2894)
52 58 60 66 9 (2706)
52 58 60 7 9 (2709)
52 58 62 66 7 (2766)
52 58 62 7 9 (2623)
52 60 62 66 7 (2766)
56 58 60 62 66 (2755)
56 58 60 62 7 (2777)
56 58 60 62 9 (2618)
56 58 60 66 7 (2748)
56 58 60 7 9 (2613)
56 58 62 66 7 (2658)
56 60 62 66 7 (2658)
58 60 62 66 7 (2777)
58 60 66 7 9 (2600)
25 29 34 36 40 52 (2611)
25 29 34 36 40 58 (2618)
25 29 34 36 52 58 (2633)
25 29 34 36 52 60 (2606)
25 29 34 36 58 60 (2613)
25 29 34 40 52 58 (2676)
25 29 34 40 52 60 (2650)
25 29 34 40 58 60 (2657)
25 29 34 52 58 60 (2671)
25 29 36 40 48 52 (2682)
25 29 36 40 48 58 (2691)
25 29 36 40 48 60 (2675)
25 29 36 40 52 58 (2745)
25 29 36 40 52 60 (2719)
25 29 36 40 52 62 (2635)
25 29 36 40 52 66 (2607)
25 29 36 40 52 7 (2635)
25 29 36 40 58 60 (2728)
25 29 36 40 58 62 (2645)
25 29 36 40 58 66 (2616)
25 29 36 40 58 7 (2644)
25 29 36 40 60 62 (2618)
25 29 36 40 60 66 (2617)
25 29 36 40 60 7 (2618)
25 29 36 48 52 58 (2707)
25 29 36 48 52 60 (2690)
25 29 36 48 58 60 (2699)
25 29 36 48 58 7 (2606)
25 29 36 52 56 58 (2614)
25 29 36 52 58 60 (2743)
25 29 36 52 58 62 (2650)
25 29 36 52 58 66 (2630)
25 29 36 52 58 7 (2660)
25 29 36 52 60 62 (2623)
25 29 36 52 60 66 (2631)
25 29 36 52 60 7 (2633)
25 29 36 58 60 62 (2633)
25 29 36 58 60 66 (2640)
25 29 36 58 60 7 (2642)
25 29 40 48 52 58 (2700)
25 29 40 48 52 60 (2684)
25 29 40 48 58 60 (2693)
25 29 40 48 58 62 (2600)
25 29 40 5 52 58 (2613)
25 29 40 52 56 58 (2655)
25 29 40 52 56 60 (2629)
25 29 40 52 58 60 (2784)
25 29 40 52 58 62 (2701)
25 29 40 52 58 66 (2672)
25 29 40 52 58 7 (2700)
25 29 40 52 60 62 (2674)
25 29 40 52 60 66 (2673)
25 29 40 52 60 7 (2674)
25 29 40 56 58 60 (2632)
25 29 40 58 60 62 (2684)
25 29 40 58 60 66 (2682)
25 29 40 58 60 7 (2683)
25 29 40 58 62 7 (2600)
25 29 48 52 58 60 (2708)
25 29 48 52 58 62 (2605)
25 29 48 52 58 66 (2602)
25 29 48 52 58 7 (2615)
25 29 48 52 60 66 (2603)
25 29 48 58 60 66 (2612)
25 29 48 58 60 7 (2607)
25 29 5 52 58 60 (2606)
25 29 52 56 58 60 (2652)
25 29 52 58 60 62 (2689)
25 29 52 58 60 66 (2696)
25 29 52 58 60 7 (2698)
25 29 52 58 62 7 (2605)
25 34 36 40 52 58 (2614)
25 34 36 52 58 60 (2609)
25 34 40 52 58 60 (2653)
25 36 40 48 52 58 (2693)
25 36 40 48 52 60 (2677)
25 36 40 48 58 60 (2686)
25 36 40 52 56 58 (2601)
25 36 40 52 58 60 (2730)
25 36 40 52 58 62 (2647)
25 36 40 52 58 66 (2614)
25 36 40 52 58 7 (2640)
25 36 40 52 60 62 (2620)
25 36 40 52 60 66 (2615)
25 36 40 52 60 7 (2614)
25 36 40 58 60 62 (2630)
25 36 40 58 60 66 (2624)
25 36 40 58 60 7 (2623)
25 36 48 52 58 60 (2701)
25 36 48 52 58 7 (2602)
25 36 48 58 60 66 (2601)
25 36 52 58 60 62 (2635)
25 36 52 58 60 66 (2638)
25 36 52 58 60 7 (2638)
25 40 48 52 58 60 (2695)
25 40 48 52 58 62 (2602)
25 40 52 56 58 60 (2640)
25 40 52 58 60 62 (2686)
25 40 52 58 60 66 (2680)
25 40 52 58 60 7 (2679)
25 48 52 58 60 62 (2600)
25 48 52 58 60 66 (2610)
25 48 52 58 60 7 (2603)
29 3 34 36 52 58 (2606)
29 3 34 40 52 58 (2676)
29 3 34 40 52 60 (2643)
29 3 34 40 52 7 (2602)
29 3 34 40 58 60 (2650)
29 3 34 40 58 7 (2609)
29 3 34 52 58 60 (2665)
29 3 34 52 58 7 (2625)
29 3 36 40 48 52 (2611)
29 3 36 40 48 58 (2620)
29 3 36 40 52 58 (2711)
29 3 36 40 52 60 (2678)
29 3 36 40 52 62 (2607)
29 3 36 40 52 7 (2637)
29 3 36 40 58 60 (2687)
29 3 36 40 58 62 (2616)
29 3 36 40 58 7 (2646)
29 3 36 40 60 7 (2613)
29 3 36 48 52 58 (2637)
29 3 36 48 52 60 (2615)
29 3 36 48 58 60 (2624)
29 3 36 52 56 58 (2607)
29 3 36 52 58 60 (2703)
29 3 36 52 58 62 (2622)
29 3 36 52 58 66 (2601)
29 3 36 52 58 7 (2663)
29 3 36 52 60 66 (2601)
29 3 36 52 60 7 (2629)
29 3 36 58 60 66 (2610)
29 3 36 58 60 7 (2638)
29 3 40 48 52 58 (2637)
29 3 40 48 52 60 (2616)
29 3 40 48 58 60 (2625)
29 3 40 5 52 58 (2609)
29 3 40 52 56 58 (2675)
29 3 40 52 56 60 (2642)
29 3 40 52 56 62 (2609)
29 3 40 52 56 7 (2601)
29 3 40 52 58 60 (2771)
29 3 40 52 58 62 (2700)
29 3 40 52 58 66 (2670)
29 3 40 52 58 7 (2730)
29 3 40 52 60 62 (2667)
29 3 40 52 60 66 (2670)
29 3 40 52 60 7 (2697)
29 3 40 52 62 7 (2626)
29 3 40 56 58 60 (2646)
29 3 40 56 58 62 (2613)
29 3 40 56 58 7 (2605)
29 3 40 58 60 62 (2676)
29 3 40 58 60 66 (2679)
29 3 40 58 60 7 (2706)
29 3 40 58 62 7 (2635)
29 3 40 58 66 7 (2606)
29 3 40 60 62 7 (2602)
29 3 40 60 66 7 (2606)
29 3 48 52 58 60 (2641)
29 3 52 56 58 60 (2666)
29 3 52 56 58 62 (2623)
29 3 52 56 58 7 (2626)
29 3 52 58 60 62 (2682)
29 3 52 58 60 66 (2694)
29 3 52 58 60 7 (2722)
29 3 52 58 62 7 (2641)
29 3 52 58 66 7 (2621)
29 3 52 60 62 7 (2608)
29 3 52 60 66 7 (2621)
29 3 58 60 62 7 (2617)
29 3 58 60 66 7 (2630)
29 34 36 40 48 5 (2657)
29 34 36 40 48 52 (2795)
29 34 36 40 48 56 (2648)
29 34 36 40 48 58 (2803)
29 34 36 40 48 60 (2780)
29 34 36 40 48 62 (2688)
29 34 36 40 48 66 (2687)
29 34 36 40 48 7 (2696)
29 34 36 40 5 52 (2760)
29 34 36 40 5 56 (2616)
29 34 36 40 5 58 (2768)
29 34 36 40 5 60 (2725)
29 34 36 40 5 62 (2666)
29 34 36 40 5 66 (2634)
29 34 36 40 5 7 (2665)
29 34 36 40 52 56 (2755)
29 34 36 40 52 58 (2906)
29 34 36 40 52 60 (2863)
29 34 36 40 52 62 (2791)
29 34 36 40 52 66 (2755)
29 34 36 40 52 7 (2799)
29 34 36 40 52 9 (2626)
29 34 36 40 56 58 (2759)
29 34 36 40 56 60 (2716)
29 34 36 40 56 62 (2678)
29 34 36 40 56 66 (2608)
29 34 36 40 56 7 (2668)
29 34 36 40 58 60 (2871)
29 34 36 40 58 62 (2800)
29 34 36 40 58 66 (2763)
29 34 36 40 58 7 (2807)
29 34 36 40 58 9 (2633)
29 34 36 40 60 62 (2756)
29 34 36 40 60 66 (2764)
29 34 36 40 60 7 (2764)
29 34 36 40 62 66 (2653)
29 34 36 40 62 7 (2692)
29 34 36 40 66 7 (2657)
29 34 36 48 5 52 (2667)
29 34 36 48 5 58 (2675)
29 34 36 48 5 60 (2651)
29 34 36 48 52 56 (2666)
29 34 36 48 52 58 (2817)
29 34 36 48 52 60 (2793)
29 34 36 48 52 62 (2691)
29 34 36 48 52 66 (2699)
29 34 36 48 52 7 (2710)
29 34 36 48 56 58 (2670)
29 34 36 48 56 60 (2646)
29 34 36 48 58 60 (2801)
29 34 36 48 58 62 (2700)
29 34 36 48 58 66 (2707)
29 34 36 48 58 7 (2718)
29 34 36 48 60 62 (2676)
29 34 36 48 60 66 (2708)
29 34 36 48 60 7 (2694)
29 34 36 48 66 7 (2601)
29 34 36 5 52 56 (2630)
29 34 36 5 52 58 (2778)
29 34 36 5 52 60 (2734)
29 34 36 5 52 62 (2668)
29 34 36 5 52 66 (2643)
29 34 36 5 52 7 (2675)
29 34 36 5 56 58 (2634)
29 34 36 5 58 60 (2742)
29 34 36 5 58 62 (2677)
29 34 36 5 58 66 (2651)
29 34 36 5 58 7 (2683)
29 34 36 5 60 62 (2633)
29 34 36 5 60 66 (2652)
29 34 36 5 60 7 (2639)
29 34 36 52 56 58 (2777)
29 34 36 52 56 60 (2733)
29 34 36 52 56 62 (2685)
29 34 36 52 56 66 (2624)
29 34 36 52 56 7 (2686)
29 34 36 52 58 60 (2884)
29 34 36 52 58 62 (2803)
29 34 36 52 58 66 (2775)
29 34 36 52 58 7 (2821)
29 34 36 52 58 9 (2645)
29 34 36 52 60 62 (2759)
29 34 36 52 60 66 (2776)
29 34 36 52 60 7 (2777)
29 34 36 52 60 9 (2609)
29 34 36 52 62 66 (2656)
29 34 36 52 62 7 (2695)
29 34 36 52 66 7 (2669)
29 34 36 56 58 60 (2737)
29 34 36 56 58 62 (2690)
29 34 36 56 58 66 (2628)
29 34 36 56 58 7 (2690)
29 34 36 56 60 62 (2646)
29 34 36 56 60 66 (2629)
29 34 36 56 60 7 (2646)
29 34 36 58 60 62 (2768)
29 34 36 58 60 66 (2784)
29 34 36 58 60 7 (2785)
29 34 36 58 60 9 (2616)
29 34 36 58 62 66 (2665)
29 34 36 58 62 7 (2704)
29 34 36 58 66 7 (2677)
29 34 36 60 62 66 (2665)
29 34 36 60 62 7 (2660)
29 34 36 60 66 7 (2678)
29 34 40 48 5 52 (2674)
29 34 40 48 5 58 (2682)
29 34 40 48 5 60 (2659)
29 34 40 48 52 56 (2669)
29 34 40 48 52 58 (2820)
29 34 40 48 52 60 (2797)
29 34 40 48 52 62 (2705)
29 34 40 48 52 66 (2704)
29 34 40 48 52 7 (2713)
29 34 40 48 56 58 (2673)
29 34 40 48 56 60 (2650)
29 34 40 48 58 60 (2805)
29 34 40 48 58 62 (2714)
29 34 40 48 58 66 (2712)
29 34 40 48 58 7 (2721)
29 34 40 48 60 62 (2690)
29 34 40 48 60 66 (2713)
29 34 40 48 60 7 (2698)
29 34 40 48 62 66 (2602)
29 34 40 48 62 7 (2606)
29 34 40 48 66 7 (2606)
29 34 40 5 52 56 (2708)
29 34 40 5 52 58 (2856)
29 34 40 5 52 60 (2813)
29 34 40 5 52 62 (2754)
29 34 40 5 52 66 (2722)
29 34 40 5 52 7 (2753)
29 34 40 5 56 58 (2712)
29 34 40 5 56 60 (2669)
29 34 40 5 56 62 (2641)
29 34 40 5 56 7 (2625)
29 34 40 5 58 60 (2821)
29 34 40 5 58 62 (2763)
29 34 40 5 58 66 (2730)
29 34 40 5 58 7 (2761)
29 34 40 5 58 9 (2603)
29 34 40 5 60 62 (2719)
29 34 40 5 60 66 (2731)
29 34 40 5 60 7 (2718)
29 34 40 5 62 66 (2632)
29 34 40 5 62 7 (2659)
29 34 40 5 66 7 (2628)
29 34 40 52 56 58 (2851)
29 34 40 52 56 60 (2808)
29 34 40 52 56 62 (2770)
29 34 40 52 56 66 (2700)
29 34 40 52 56 7 (2760)
29 34 40 52 56 9 (2610)
29 34 40 52 58 60 (2959)
29 34 40 52 58 62 (2888)
29 34 40 52 58 66 (2851)
29 34 40 52 58 7 (2895)
29 34 40 52 58 9 (2722)
29 34 40 52 60 62 (2844)
29 34 40 52 60 66 (2852)
29 34 40 52 60 7 (2852)
29 34 40 52 60 9 (2686)
29 34 40 52 62 66 (2741)
29 34 40 52 62 7 (2780)
29 34 40 52 62 9 (2617)
29 34 40 52 66 7 (2745)
29 34 40 52 7 9 (2616)
29 34 40 56 58 60 (2812)
29 34 40 56 58 62 (2775)
29 34 40 56 58 66 (2704)
29 34 40 56 58 7 (2764)
29 34 40 56 58 9 (2614)
29 34 40 56 60 62 (2731)
29 34 40 56 60 66 (2705)
29 34 40 56 60 7 (2721)
29 34 40 56 62 66 (2628)
29 34 40 56 62 7 (2683)
29 34 40 56 66 7 (2614)
29 34 40 58 60 62 (2853)
29 34 40 58 60 66 (2860)
29 34 40 58 60 7 (2860)
29 34 40 58 60 9 (2693)
29 34 40 58 62 66 (2750)
29 34 40 58 62 7 (2789)
29 34 40 58 62 9 (2625)
29 34 40 58 66 7 (2753)
29 34 40 58 7 9 (2623)
29 34 40 60 62 66 (2750)
29 34 40 60 62 7 (2745)
29 34 40 60 66 7 (2754)
29 34 40 62 66 7 (2643)
29 34 48 5 52 58 (2692)
29 34 48 5 52 60 (2668)
29 34 48 5 58 60 (2676)
29 34 48 5 58 66 (2600)
29 34 48 5 60 66 (2601)
29 34 48 52 56 58 (2691)
29 34 48 52 56 60 (2667)
29 34 48 52 56 7 (2600)
29 34 48 52 58 60 (2818)
29 34 48 52 58 62 (2717)
29 34 48 52 58 66 (2724)
29 34 48 52 58 7 (2735)
29 34 48 52 60 62 (2693)
29 34 48 52 60 66 (2725)
29 34 48 52 60 7 (2711)
29 34 48 52 62 66 (2605)
29 34 48 52 62 7 (2609)
29 34 48 52 66 7 (2618)
29 34 48 56 58 60 (2671)
29 34 48 56 58 62 (2604)
29 34 48 56 58 7 (2604)
29 34 48 58 60 62 (2702)
29 34 48 58 60 66 (2733)
29 34 48 58 60 7 (2719)
29 34 48 58 62 66 (2614)
29 34 48 58 62 7 (2618)
29 34 48 58 66 7 (2626)
29 34 48 60 62 66 (2614)
29 34 48 60 66 7 (2627)
29 34 5 52 56 58 (2726)
29 34 5 52 56 60 (2682)
29 34 5 52 56 62 (2647)
29 34 5 52 56 7 (2639)
29 34 5 52 58 60 (2830)
29 34 5 52 58 62 (2765)
29 34 5 52 58 66 (2739)
29 34 5 52 58 7 (2771)
29 34 5 52 58 9 (2611)
29 34 5 52 60 62 (2721)
29 34 5 52 60 66 (2740)
29 34 5 52 60 7 (2727)
29 34 5 52 62 66 (2634)
29 34 5 52 62 7 (2661)
29 34 5 52 66 7 (2637)
29 34 5 56 58 60 (2686)
29 34 5 56 58 62 (2652)
29 34 5 56 58 7 (2643)
29 34 5 56 60 62 (2608)
29 34 5 58 60 62 (2730)
29 34 5 58 60 66 (2748)
29 34 5 58 60 7 (2735)
29 34 5 58 62 66 (2643)
29 34 5 58 62 7 (2670)
29 34 5 58 66 7 (2645)
29 34 5 60 62 66 (2643)
29 34 5 60 62 7 (2626)
29 34 5 60 66 7 (2646)
29 34 52 56 58 60 (2829)
29 34 52 56 58 62 (2782)
29 34 52 56 58 66 (2720)
29 34 52 56 58 7 (2782)
29 34 52 56 58 9 (2629)
29 34 52 56 60 62 (2738)
29 34 52 56 60 66 (2721)
29 34 52 56 60 7 (2738)
29 34 52 56 62 66 (2635)
29 34 52 56 62 7 (2690)
29 34 52 56 66 7 (2630)
29 34 52 58 60 62 (2856)
29 34 52 58 60 66 (2872)
29 34 52 58 60 7 (2873)
29 34 52 58 60 9 (2705)
29 34 52 58 62 66 (2753)
29 34 52 58 62 7 (2792)
29 34 52 58 62 9 (2627)
29 34 52 58 66 7 (2765)
29 34 52 58 7 9 (2635)
29 34 52 60 62 66 (2753)
29 34 52 60 62 7 (2748)
29 34 52 60 66 7 (2766)
29 34 52 60 66 9 (2600)
29 34 52 62 66 7 (2646)
29 34 56 58 60 62 (2743)
29 34 56 58 60 66 (2725)
29 34 56 58 60 7 (2742)
29 34 56 58 62 66 (2640)
29 34 56 58 62 7 (2695)
29 34 56 58 66 7 (2634)
29 34 56 60 62 66 (2640)
29 34 56 60 62 7 (2651)
29 34 56 60 66 7 (2635)
29 34 58 60 62 66 (2762)
29 34 58 60 62 7 (2757)
29 34 58 60 66 7 (2774)
29 34 58 60 66 9 (2607)
29 34 58 60 7 9 (2606)
29 34 58 62 66 7 (2655)
29 34 60 62 66 7 (2655)
29 36 40 48 5 52 (2723)
29 36 40 48 5 58 (2733)
29 36 40 48 5 60 (2710)
29 36 40 48 5 62 (2630)
29 36 40 48 5 66 (2634)
29 36 40 48 5 7 (2626)
29 36 40 48 52 56 (2767)
29 36 40 48 52 58 (2934)
29 36 40 48 52 60 (2911)
29 36 40 48 52 62 (2810)
29 36 40 48 52 66 (2804)
29 36 40 48 52 7 (2823)
29 36 40 48 52 9 (2627)
29 36 40 48 56 58 (2771)
29 36 40 48 56 60 (2748)
29 36 40 48 56 62 (2685)
29 36 40 48 56 66 (2641)
29 36 40 48 56 7 (2678)
29 36 40 48 58 60 (2921)
29 36 40 48 58 62 (2821)
29 36 40 48 58 66 (2814)
29 36 40 48 58 7 (2833)
29 36 40 48 58 9 (2634)
29 36 40 48 60 62 (2797)
29 36 40 48 60 66 (2815)
29 36 40 48 60 7 (2810)
29 36 40 48 60 9 (2618)
29 36 40 48 62 66 (2695)
29 36 40 48 62 7 (2709)
29 36 40 48 66 7 (2704)
29 36 40 5 52 56 (2674)
29 36 40 5 52 58 (2834)
29 36 40 5 52 60 (2791)
29 36 40 5 52 62 (2731)
29 36 40 5 52 66 (2700)
29 36 40 5 52 7 (2727)
29 36 40 5 56 58 (2678)
29 36 40 5 56 60 (2635)
29 36 40 5 56 62 (2606)
29 36 40 5 58 60 (2801)
29 36 40 5 58 62 (2742)
29 36 40 5 58 66 (2710)
29 36 40 5 58 7 (2737)
29 36 40 5 60 62 (2698)
29 36 40 5 60 66 (2711)
29 36 40 5 60 7 (2694)
29 36 40 5 62 66 (2611)
29 36 40 5 62 7 (2634)
29 36 40 5 66 7 (2604)
29 36 40 52 56 58 (2878)
29 36 40 52 56 60 (2835)
29 36 40 52 56 62 (2792)
29 36 40 52 56 66 (2713)
29 36 40 52 56 7 (2785)
29 36 40 52 56 9 (2620)
29 36 40 52 58 60 (3002)
29 36 40 52 58 62 (2922)
29 36 40 52 58 66 (2880)
29 36 40 52 58 7 (2934)
29 36 40 52 58 9 (2738)
29 36 40 52 60 62 (2878)
29 36 40 52 60 66 (2881)
29 36 40 52 60 7 (2891)
29 36 40 52 60 9 (2702)
29 36 40 52 62 66 (2761)
29 36 40 52 62 7 (2810)
29 36 40 52 62 9 (2625)
29 36 40 52 66 7 (2770)
29 36 40 52 7 9 (2628)
29 36 40 56 58 60 (2839)
29 36 40 56 58 62 (2797)
29 36 40 56 58 66 (2717)
29 36 40 56 58 7 (2789)
29 36 40 56 58 9 (2624)
29 36 40 56 60 62 (2753)
29 36 40 56 60 66 (2718)
29 36 40 56 60 7 (2746)
29 36 40 56 62 66 (2636)
29 36 40 56 62 7 (2703)
29 36 40 56 66 7 (2625)
29 36 40 58 60 62 (2889)
29 36 40 58 60 66 (2891)
29 36 40 58 60 7 (2901)
29 36 40 58 60 9 (2709)
29 36 40 58 62 66 (2772)
29 36 40 58 62 7 (2821)
29 36 40 58 62 9 (2633)
29 36 40 58 66 7 (2780)
29 36 40 58 7 9 (2635)
29 36 40 60 62 66 (2772)
29 36 40 60 62 7 (2777)
29 36 40 60 66 7 (2781)
29 36 40 62 66 7 (2661)
29 36 48 5 52 58 (2743)
29 36 48 5 52 60 (2719)
29 36 48 5 52 62 (2632)
29 36 48 5 52 66 (2643)
29 36 48 5 52 7 (2636)
29 36 48 5 58 60 (2729)
29 36 48 5 58 62 (2643)
29 36 48 5 58 66 (2653)
29 36 48 5 58 7 (2646)
29 36 48 5 60 62 (2619)
29 36 48 5 60 66 (2654)
29 36 48 5 60 7 (2622)
29 36 48 52 56 58 (2791)
29 36 48 52 56 60 (2767)
29 36 48 52 56 62 (2694)
29 36 48 52 56 66 (2659)
29 36 48 52 56 7 (2698)
29 36 48 52 58 60 (2935)
29 36 48 52 58 62 (2825)
29 36 48 52 58 66 (2827)
29 36 48 52 58 7 (2848)
29 36 48 52 58 9 (2648)
29 36 48 52 60 62 (2801)
29 36 48 52 60 66 (2828)
29 36 48 52 60 7 (2824)
29 36 48 52 60 9 (2632)
29 36 48 52 62 66 (2699)
29 36 48 52 62 7 (2713)
29 36 48 52 66 7 (2717)
29 36 48 56 58 60 (2771)
29 36 48 56 58 62 (2699)
29 36 48 56 58 66 (2663)
29 36 48 56 58 7 (2702)
29 36 48 56 60 62 (2675)
29 36 48 56 60 66 (2664)
29 36 48 56 60 7 (2678)
29 36 48 56 62 7 (2605)
29 36 48 58 60 62 (2812)
29 36 48 58 60 66 (2838)
29 36 48 58 60 7 (2834)
29 36 48 58 60 9 (2639)
29 36 48 58 62 66 (2710)
29 36 48 58 62 7 (2724)
29 36 48 58 66 7 (2727)
29 36 48 60 62 66 (2710)
29 36 48 60 62 7 (2700)
29 36 48 60 66 7 (2728)
29 36 5 52 56 58 (2693)
29 36 5 52 56 60 (2649)
29 36 5 52 56 62 (2613)
29 36 5 52 56 7 (2604)
29 36 5 52 58 60 (2810)
29 36 5 52 58 62 (2744)
29 36 5 52 58 66 (2719)
29 36 5 52 58 7 (2747)
29 36 5 52 60 62 (2700)
29 36 5 52 60 66 (2720)
29 36 5 52 60 7 (2703)
29 36 5 52 62 66 (2613)
29 36 5 52 62 7 (2636)
29 36 5 52 66 7 (2613)
29 36 5 56 58 60 (2653)
29 36 5 56 58 62 (2618)
29 36 5 56 58 7 (2608)
29 36 5 58 60 62 (2711)
29 36 5 58 60 66 (2730)
29 36 5 58 60 7 (2713)
29 36 5 58 62 66 (2624)
29 36 5 58 62 7 (2647)
29 36 5 58 66 7 (2623)
29 36 5 60 62 66 (2624)
29 36 5 60 62 7 (2603)
29 36 5 60 66 7 (2624)
29 36 52 56 58 60 (2858)
29 36 52 56 58 62 (2806)
29 36 52 56 58 66 (2735)
29 36 52 56 58 7 (2809)
29 36 52 56 58 9 (2641)
29 36 52 56 60 62 (2762)
29 36 52 56 60 66 (2736)
29 36 52 56 60 7 (2765)
29 36 52 56 60 9 (2605)
29 36 52 56 62 66 (2645)
29 36 52 56 62 7 (2712)
29 36 52 56 66 7 (2643)
29 36 52 58 60 62 (2893)
29 36 52 58 60 66 (2904)
29 36 52 58 60 7 (2915)
29 36 52 58 60 9 (2723)
29 36 52 58 62 66 (2776)
29 36 52 58 62 7 (2825)
29 36 52 58 62 9 (2637)
29 36 52 58 66 7 (2793)
29 36 52 58 66 9 (2605)
29 36 52 58 7 9 (2649)
29 36 52 60 62 66 (2776)
29 36 52 60 62 7 (2781)
29 36 52 60 62 9 (2600)
29 36 52 60 66 7 (2794)
29 36 52 60 66 9 (2606)
29 36 52 60 7 9 (2613)
29 36 52 62 66 7 (2665)
29 36 56 58 60 62 (2767)
29 36 56 58 60 66 (2740)
29 36 56 58 60 7 (2769)
29 36 56 58 60 9 (2609)
29 36 56 58 62 66 (2650)
29 36 56 58 62 7 (2717)
29 36 56 58 66 7 (2647)
29 36 56 60 62 66 (2650)
29 36 56 60 62 7 (2673)
29 36 56 60 66 7 (2648)
29 36 58 60 62 66 (2787)
29 36 58 60 62 7 (2792)
29 36 58 60 62 9 (2608)
29 36 58 60 66 7 (2804)
29 36 58 60 66 9 (2613)
29 36 58 60 7 9 (2620)
29 36 58 62 66 7 (2676)
29 36 60 62 66 7 (2676)
29 40 42 52 58 60 (2654)
29 40 48 5 52 58 (2748)
29 40 48 5 52 60 (2725)
29 40 48 5 52 62 (2645)
29 40 48 5 52 66 (2649)
29 40 48 5 52 7 (2641)
29 40 48 5 58 60 (2735)
29 40 48 5 58 62 (2656)
29 40 48 5 58 66 (2659)
29 40 48 5 58 7 (2651)
29 40 48 5 60 62 (2632)
29 40 48 5 60 66 (2660)
29 40 48 5 60 7 (2628)
29 40 48 52 56 58 (2792)
29 40 48 52 56 60 (2769)
29 40 48 52 56 62 (2706)
29 40 48 52 56 66 (2662)
29 40 48 52 56 7 (2699)
29 40 48 52 58 60 (2936)
29 40 48 52 58 62 (2836)
29 40 48 52 58 66 (2829)
29 40 48 52 58 7 (2848)
29 40 48 52 58 9 (2652)
29 40 48 52 60 62 (2812)
29 40 48 52 60 66 (2830)
29 40 48 52 60 7 (2825)
29 40 48 52 60 9 (2636)
29 40 48 52 62 66 (2710)
29 40 48 52 62 7 (2724)
29 40 48 52 66 7 (2719)
29 40 48 56 58 60 (2773)
29 40 48 56 58 62 (2711)
29 40 48 56 58 66 (2666)
29 40 48 56 58 7 (2703)
29 40 48 56 60 62 (2687)
29 40 48 56 60 66 (2667)
29 40 48 56 60 7 (2680)
29 40 48 56 62 7 (2617)
29 40 48 58 60 62 (2823)
29 40 48 58 60 66 (2840)
29 40 48 58 60 7 (2835)
29 40 48 58 60 9 (2643)
29 40 48 58 62 66 (2721)
29 40 48 58 62 7 (2735)
29 40 48 58 66 7 (2729)
29 40 48 60 62 66 (2721)
29 40 48 60 62 7 (2711)
29 40 48 60 66 7 (2730)
29 40 48 62 66 7 (2610)
29 40 5 52 56 58 (2770)
29 40 5 52 56 60 (2727)
29 40 5 52 56 62 (2698)
29 40 5 52 56 66 (2636)
29 40 5 52 56 7 (2681)
29 40 5 52 58 60 (2887)
29 40 5 52 58 62 (2828)
29 40 5 52 58 66 (2796)
29 40 5 52 58 7 (2823)
29 40 5 52 58 9 (2653)
29 40 5 52 60 62 (2784)
29 40 5 52 60 66 (2797)
29 40 5 52 60 7 (2780)
29 40 5 52 60 9 (2617)
29 40 5 52 62 66 (2697)
29 40 5 52 62 7 (2720)
29 40 5 52 66 7 (2690)
29 40 5 56 58 60 (2731)
29 40 5 56 58 62 (2703)
29 40 5 56 58 66 (2640)
29 40 5 56 58 7 (2685)
29 40 5 56 60 62 (2659)
29 40 5 56 60 66 (2641)
29 40 5 56 60 7 (2642)
29 40 5 56 62 7 (2613)
29 40 5 58 60 62 (2795)
29 40 5 58 60 66 (2807)
29 40 5 58 60 7 (2790)
29 40 5 58 60 9 (2624)
29 40 5 58 62 66 (2708)
29 40 5 58 62 7 (2731)
29 40 5 58 66 7 (2700)
29 40 5 60 62 66 (2708)
29 40 5 60 62 7 (2687)
29 40 5 60 66 7 (2701)
29 40 5 62 66 7 (2601)
29 40 52 56 58 60 (2931)
29 40 52 56 58 62 (2889)
29 40 52 56 58 66 (2809)
29 40 52 56 58 7 (2881)
29 40 52 56 58 9 (2716)
29 40 52 56 60 62 (2845)
29 40 52 56 60 66 (2810)
29 40 52 56 60 7 (2838)
29 40 52 56 60 9 (2680)
29 40 52 56 62 66 (2728)
29 40 52 56 62 7 (2795)
29 40 52 56 62 9 (2632)
29 40 52 56 66 7 (2717)
29 40 52 56 7 9 (2624)
29 40 52 58 60 62 (2975)
29 40 52 58 60 66 (2977)
29 40 52 58 60 7 (2987)
29 40 52 58 60 9 (2798)
29 40 52 58 62 66 (2858)
29 40 52 58 62 7 (2907)
29 40 52 58 62 9 (2722)
29 40 52 58 66 7 (2866)
29 40 52 58 66 9 (2681)
29 40 52 58 7 9 (2724)
29 40 52 60 62 66 (2858)
29 40 52 60 62 7 (2863)
29 40 52 60 62 9 (2685)
29 40 52 60 66 7 (2867)
29 40 52 60 66 9 (2682)
29 40 52 60 7 9 (2688)
29 40 52 62 66 7 (2747)
29 40 52 62 7 9 (2611)
29 40 56 58 60 62 (2850)
29 40 56 58 60 66 (2814)
29 40 56 58 60 7 (2842)
29 40 56 58 60 9 (2684)
29 40 56 58 62 66 (2733)
29 40 56 58 62 7 (2800)
29 40 56 58 62 9 (2637)
29 40 56 58 66 7 (2721)
29 40 56 58 7 9 (2628)
29 40 56 60 62 66 (2733)
29 40 56 60 62 7 (2756)
29 40 56 60 62 9 (2600)
29 40 56 60 66 7 (2722)
29 40 56 62 66 7 (2640)
29 40 58 60 62 66 (2869)
29 40 58 60 62 7 (2874)
29 40 58 60 62 9 (2693)
29 40 58 60 66 7 (2877)
29 40 58 60 66 9 (2689)
29 40 58 60 7 9 (2695)
29 40 58 62 66 7 (2758)
29 40 58 62 7 9 (2619)
29 40 60 62 66 7 (2758)
29 48 5 52 56 58 (2607)
29 48 5 52 58 60 (2744)
29 48 5 52 58 62 (2658)
29 48 5 52 58 66 (2668)
29 48 5 52 58 7 (2661)
29 48 5 52 60 62 (2634)
29 48 5 52 60 66 (2669)
29 48 5 52 60 7 (2637)
29 48 5 58 60 62 (2645)
29 48 5 58 60 66 (2679)
29 48 5 58 60 7 (2647)
29 48 52 56 58 60 (2792)
29 48 52 56 58 62 (2720)
29 48 52 56 58 66 (2684)
29 48 52 56 58 7 (2723)
29 48 52 56 60 62 (2696)
29 48 52 56 60 66 (2685)
29 48 52 56 60 7 (2699)
29 48 52 56 62 7 (2626)
29 48 52 58 60 62 (2827)
29 48 52 58 60 66 (2853)
29 48 52 58 60 7 (2849)
29 48 52 58 60 9 (2657)
29 48 52 58 62 66 (2725)
29 48 52 58 62 7 (2739)
29 48 52 58 66 7 (2742)
29 48 52 60 62 66 (2725)
29 48 52 60 62 7 (2715)
29 48 52 60 66 7 (2743)
29 48 52 62 66 7 (2614)
29 48 56 58 60 62 (2701)
29 48 56 58 60 66 (2689)
29 48 56 58 60 7 (2703)
29 48 56 58 62 7 (2631)
29 48 56 60 62 7 (2607)
29 48 58 60 62 66 (2736)
29 48 58 60 62 7 (2726)
29 48 58 60 66 7 (2753)
29 48 58 62 66 7 (2625)
29 48 60 62 66 7 (2625)
29 5 52 56 58 60 (2745)
29 5 52 56 58 62 (2710)
29 5 52 56 58 66 (2654)
29 5 52 56 58 7 (2700)
29 5 52 56 60 62 (2666)
29 5 52 56 60 66 (2655)
29 5 52 56 60 7 (2656)
29 5 52 56 62 7 (2620)
29 5 52 58 60 62 (2797)
29 5 52 58 60 66 (2816)
29 5 52 58 60 7 (2799)
29 5 52 58 60 9 (2633)
29 5 52 58 62 66 (2710)
29 5 52 58 62 7 (2733)
29 5 52 58 66 7 (2709)
29 5 52 60 62 66 (2710)
29 5 52 60 62 7 (2689)
29 5 52 60 66 7 (2710)
29 5 52 62 66 7 (2603)
29 5 56 58 60 62 (2671)
29 5 56 58 60 66 (2659)
29 5 56 58 60 7 (2660)
29 5 56 58 62 7 (2625)
29 5 58 60 62 66 (2721)
29 5 58 60 62 7 (2700)
29 5 58 60 66 7 (2720)
29 5 58 62 66 7 (2614)
29 5 60 62 66 7 (2614)
29 52 56 58 60 62 (2859)
29 52 56 58 60 66 (2832)
29 52 56 58 60 7 (2861)
29 52 56 58 60 9 (2701)
29 52 56 58 62 66 (2742)
29 52 56 58 62 7 (2809)
29 52 56 58 62 9 (2644)
29 52 56 58 66 7 (2739)
29 52 56 58 7 9 (2645)
29 52 56 60 62 66 (2742)
29 52 56 60 62 7 (2765)
29 52 56 60 62 9 (2607)
29 52 56 60 66 7 (2740)
29 52 56 60 7 9 (2609)
29 52 56 62 66 7 (2649)
29 52 58 60 62 66 (2873)
29 52 58 60 62 7 (2878)
29 52 58 60 62 9 (2697)
29 52 58 60 66 7 (2890)
29 52 58 60 66 9 (2702)
29 52 58 60 7 9 (2709)
29 52 58 62 66 7 (2762)
29 52 58 62 7 9 (2623)
29 52 60 62 66 7 (2762)
29 56 58 60 62 66 (2747)
29 56 58 60 62 7 (2770)
29 56 58 60 62 9 (2612)
29 56 58 60 66 7 (2744)
29 56 58 60 7 9 (2613)
29 56 58 62 66 7 (2654)
29 56 60 62 66 7 (2654)
29 58 60 62 66 7 (2773)
29 58 60 66 7 9 (2600)
3 34 40 52 58 60 (2643)
3 34 40 52 58 7 (2602)
3 36 40 48 52 58 (2611)
3 36 40 52 58 60 (2678)
3 36 40 52 58 62 (2607)
3 36 40 52 58 7 (2637)
3 36 40 52 60 7 (2604)
3 36 40 58 60 7 (2613)
3 36 48 52 58 60 (2615)
3 36 52 58 60 66 (2601)
3 36 52 58 60 7 (2629)
3 40 48 52 58 60 (2616)
3 40 52 56 58 60 (2642)
3 40 52 56 58 62 (2609)
3 40 52 56 58 7 (2601)
3 40 52 58 60 62 (2667)
3 40 52 58 60 66 (2670)
3 40 52 58 60 7 (2697)
3 40 52 58 62 7 (2626)
3 40 58 60 62 7 (2602)
3 40 58 60 66 7 (2606)
3 52 58 60 62 7 (2608)
3 52 58 60 66 7 (2621)
34 36 40 48 5 52 (2652)
34 36 40 48 5 58 (2660)
34 36 40 48 5 60 (2637)
34 36 40 48 52 56 (2647)
34 36 40 48 52 58 (2798)
34 36 40 48 52 60 (2775)
34 36 40 48 52 62 (2683)
34 36 40 48 52 66 (2682)
34 36 40 48 52 7 (2689)
34 36 40 48 56 58 (2651)
34 36 40 48 56 60 (2628)
34 36 40 48 58 60 (2783)
34 36 40 48 58 62 (2692)
34 36 40 48 58 66 (2690)
34 36 40 48 58 7 (2697)
34 36 40 48 60 62 (2668)
34 36 40 48 60 66 (2691)
34 36 40 48 60 7 (2674)
34 36 40 5 52 56 (2615)
34 36 40 5 52 58 (2763)
34 36 40 5 52 60 (2720)
34 36 40 5 52 62 (2661)
34 36 40 5 52 66 (2629)
34 36 40 5 52 7 (2658)
34 36 40 5 56 58 (2619)
34 36 40 5 58 60 (2728)
34 36 40 5 58 62 (2670)
34 36 40 5 58 66 (2637)
34 36 40 5 58 7 (2666)
34 36 40 5 60 62 (2626)
34 36 40 5 60 66 (2638)
34 36 40 5 60 7 (2623)
34 36 40 52 56 58 (2758)
34 36 40 52 56 60 (2715)
34 36 40 52 56 62 (2677)
34 36 40 52 56 66 (2607)
34 36 40 52 56 7 (2665)
34 36 40 52 58 60 (2866)
34 36 40 52 58 62 (2795)
34 36 40 52 58 66 (2758)
34 36 40 52 58 7 (2800)
34 36 40 52 58 9 (2627)
34 36 40 52 60 62 (2751)
34 36 40 52 60 66 (2759)
34 36 40 52 60 7 (2757)
34 36 40 52 62 66 (2648)
34 36 40 52 62 7 (2685)
34 36 40 52 66 7 (2650)
34 36 40 56 58 60 (2719)
34 36 40 56 58 62 (2682)
34 36 40 56 58 66 (2611)
34 36 40 56 58 7 (2669)
34 36 40 56 60 62 (2638)
34 36 40 56 60 66 (2612)
34 36 40 56 60 7 (2626)
34 36 40 58 60 62 (2760)
34 36 40 58 60 66 (2767)
34 36 40 58 60 7 (2765)
34 36 40 58 62 66 (2657)
34 36 40 58 62 7 (2694)
34 36 40 58 66 7 (2658)
34 36 40 60 62 66 (2657)
34 36 40 60 62 7 (2650)
34 36 40 60 66 7 (2659)
34 36 48 5 52 58 (2670)
34 36 48 5 52 60 (2646)
34 36 48 5 58 60 (2654)
34 36 48 52 56 58 (2669)
34 36 48 52 56 60 (2645)
34 36 48 52 58 60 (2796)
34 36 48 52 58 62 (2695)
34 36 48 52 58 66 (2702)
34 36 48 52 58 7 (2711)
34 36 48 52 60 62 (2671)
34 36 48 52 60 66 (2703)
34 36 48 52 60 7 (2687)
34 36 48 56 58 60 (2649)
34 36 48 58 60 62 (2680)
34 36 48 58 60 66 (2711)
34 36 48 58 60 7 (2695)
34 36 48 58 66 7 (2602)
34 36 48 60 66 7 (2603)
34 36 5 52 56 58 (2633)
34 36 5 52 58 60 (2737)
34 36 5 52 58 62 (2672)
34 36 5 52 58 66 (2646)
34 36 5 52 58 7 (2676)
34 36 5 52 60 62 (2628)
34 36 5 52 60 66 (2647)
34 36 5 52 60 7 (2632)
34 36 5 58 60 62 (2637)
34 36 5 58 60 66 (2655)
34 36 5 58 60 7 (2640)
34 36 52 56 58 60 (2736)
34 36 52 56 58 62 (2689)
34 36 52 56 58 66 (2627)
34 36 52 56 58 7 (2687)
34 36 52 56 60 62 (2645)
34 36 52 56 60 66 (2628)
34 36 52 56 60 7 (2643)
34 36 52 58 60 62 (2763)
34 36 52 58 60 66 (2779)
34 36 52 58 60 7 (2778)
34 36 52 58 60 9 (2610)
34 36 52 58 62 66 (2660)
34 36 52 58 62 7 (2697)
34 36 52 58 66 7 (2670)
34 36 52 60 62 66 (2660)
34 36 52 60 62 7 (2653)
34 36 52 60 66 7 (2671)
34 36 56 58 60 62 (2650)
34 36 56 58 60 66 (2632)
34 36 56 58 60 7 (2647)
34 36 56 58 62 7 (2600)
34 36 58 60 62 66 (2669)
34 36 58 60 62 7 (2662)
34 36 58 60 66 7 (2679)
34 40 48 5 52 58 (2677)
34 40 48 5 52 60 (2654)
34 40 48 5 58 60 (2662)
34 40 48 52 56 58 (2672)
34 40 48 52 56 60 (2649)
34 40 48 52 58 60 (2800)
34 40 48 52 58 62 (2709)
34 40 48 52 58 66 (2707)
34 40 48 52 58 7 (2714)
34 40 48 52 60 62 (2685)
34 40 48 52 60 66 (2708)
34 40 48 52 60 7 (2691)
34 40 48 56 58 60 (2653)
34 40 48 58 60 62 (2694)
34 40 48 58 60 66 (2716)
34 40 48 58 60 7 (2699)
34 40 48 58 62 66 (2606)
34 40 48 58 62 7 (2608)
34 40 48 58 66 7 (2607)
34 40 48 60 62 66 (2606)
34 40 48 60 66 7 (2608)
34 40 5 52 56 58 (2711)
34 40 5 52 56 60 (2668)
34 40 5 52 56 62 (2640)
34 40 5 52 56 7 (2622)
34 40 5 52 58 60 (2816)
34 40 5 52 58 62 (2758)
34 40 5 52 58 66 (2725)
34 40 5 52 58 7 (2754)
34 40 5 52 60 62 (2714)
34 40 5 52 60 66 (2726)
34 40 5 52 60 7 (2711)
34 40 5 52 62 66 (2627)
34 40 5 52 62 7 (2652)
34 40 5 52 66 7 (2621)
34 40 5 56 58 60 (2672)
34 40 5 56 58 62 (2645)
34 40 5 56 58 7 (2626)
34 40 5 56 60 62 (2601)
34 40 5 58 60 62 (2723)
34 40 5 58 60 66 (2734)
34 40 5 58 60 7 (2719)
34 40 5 58 62 66 (2636)
34 40 5 58 62 7 (2661)
34 40 5 58 66 7 (2629)
34 40 5 60 62 66 (2636)
34 40 5 60 62 7 (2617)
34 40 5 60 66 7 (2630)
34 40 52 56 58 60 (2811)
34 40 52 56 58 62 (2774)
34 40 52 56 58 66 (2703)
34 40 52 56 58 7 (2761)
34 40 52 56 58 9 (2611)
34 40 52 56 60 62 (2730)
34 40 52 56 60 66 (2704)
34 40 52 56 60 7 (2718)
34 40 52 56 62 66 (2627)
34 40 52 56 62 7 (2680)
34 40 52 56 66 7 (2611)
34 40 52 58 60 62 (2848)
34 40 52 58 60 66 (2855)
34 40 52 58 60 7 (2853)
34 40 52 58 60 9 (2687)
34 40 52 58 62 66 (2745)
34 40 52 58 62 7 (2782)
34 40 52 58 62 9 (2619)
34 40 52 58 66 7 (2746)
34 40 52 58 7 9 (2615)
34 40 52 60 62 66 (2745)
34 40 52 60 62 7 (2738)
34 40 52 60 66 7 (2747)
34 40 52 62 66 7 (2636)
34 40 56 58 60 62 (2735)
34 40 56 58 60 66 (2708)
34 40 56 58 60 7 (2722)
34 40 56 58 62 66 (2632)
34 40 56 58 62 7 (2685)
34 40 56 58 66 7 (2615)
34 40 56 60 62 66 (2632)
34 40 56 60 62 7 (2641)
34 40 56 60 66 7 (2616)
34 40 58 60 62 66 (2754)
34 40 58 60 62 7 (2747)
34 40 58 60 66 7 (2755)
34 40 58 62 66 7 (2645)
34 40 60 62 66 7 (2645)
34 48 5 52 58 60 (2671)
34 48 5 58 60 66 (2604)
34 48 52 56 58 60 (2670)
34 48 52 56 58 62 (2603)
34 48 52 56 58 7 (2601)
34 48 52 58 60 62 (2697)
34 48 52 58 60 66 (2728)
34 48 52 58 60 7 (2712)
34 48 52 58 62 66 (2609)
34 48 52 58 62 7 (2611)
34 48 52 58 66 7 (2619)
34 48 52 60 62 66 (2609)
34 48 52 60 66 7 (2620)
34 48 58 60 62 66 (2618)
34 48 58 60 66 7 (2628)
34 5 52 56 58 60 (2685)
34 5 52 56 58 62 (2651)
34 5 52 56 58 7 (2640)
34 5 52 56 60 62 (2607)
34 5 52 58 60 62 (2725)
34 5 52 58 60 66 (2743)
34 5 52 58 60 7 (2728)
34 5 52 58 62 66 (2638)
34 5 52 58 62 7 (2663)
34 5 52 58 66 7 (2638)
34 5 52 60 62 66 (2638)
34 5 52 60 62 7 (2619)
34 5 52 60 66 7 (2639)
34 5 56 58 60 62 (2612)
34 5 56 58 60 7 (2600)
34 5 58 60 62 66 (2647)
34 5 58 60 62 7 (2628)
34 5 58 60 66 7 (2647)
34 52 56 58 60 62 (2742)
34 52 56 58 60 66 (2724)
34 52 56 58 60 7 (2739)
34 52 56 58 62 66 (2639)
34 52 56 58 62 7 (2692)
34 52 56 58 66 7 (2631)
34 52 56 60 62 66 (2639)
34 52 56 60 62 7 (2648)
34 52 56 60 66 7 (2632)
34 52 58 60 62 66 (2757)
34 52 58 60 62 7 (2750)
34 52 58 60 66 7 (2767)
34 52 58 60 66 9 (2601)
34 52 58 62 66 7 (2648)
34 52 60 62 66 7 (2648)
34 56 58 60 62 66 (2644)
34 56 58 60 62 7 (2653)
34 56 58 60 66 7 (2636)
34 58 60 62 66 7 (2657)
36 40 48 5 52 58 (2729)
36 40 48 5 52 60 (2704)
36 40 48 5 52 62 (2626)
36 40 48 5 52 66 (2627)
36 40 48 5 52 7 (2618)
36 40 48 5 58 60 (2714)
36 40 48 5 58 62 (2637)
36 40 48 5 58 66 (2637)
36 40 48 5 58 7 (2628)
36 40 48 5 60 62 (2611)
36 40 48 5 60 66 (2638)
36 40 48 5 60 7 (2605)
36 40 48 52 56 58 (2781)
36 40 48 52 56 60 (2756)
36 40 48 52 56 62 (2695)
36 40 48 52 56 66 (2644)
36 40 48 52 56 7 (2680)
36 40 48 52 58 60 (2923)
36 40 48 52 58 62 (2825)
36 40 48 52 58 66 (2811)
36 40 48 52 58 7 (2829)
36 40 48 52 58 9 (2634)
36 40 48 52 60 62 (2799)
36 40 48 52 60 66 (2812)
36 40 48 52 60 7 (2806)
36 40 48 52 60 9 (2616)
36 40 48 52 62 66 (2692)
36 40 48 52 62 7 (2705)
36 40 48 52 66 7 (2697)
36 40 48 56 58 60 (2760)
36 40 48 56 58 62 (2700)
36 40 48 56 58 66 (2648)
36 40 48 56 58 7 (2684)
36 40 48 56 60 62 (2674)
36 40 48 56 60 66 (2649)
36 40 48 56 60 7 (2661)
36 40 48 58 60 62 (2810)
36 40 48 58 60 66 (2822)
36 40 48 58 60 7 (2816)
36 40 48 58 60 9 (2623)
36 40 48 58 62 66 (2703)
36 40 48 58 62 7 (2716)
36 40 48 58 66 7 (2707)
36 40 48 60 62 66 (2703)
36 40 48 60 62 7 (2692)
36 40 48 60 66 7 (2708)
36 40 5 52 56 58 (2680)
36 40 5 52 56 60 (2635)
36 40 5 52 56 62 (2608)
36 40 5 52 58 60 (2795)
36 40 5 52 58 62 (2738)
36 40 5 52 58 66 (2703)
36 40 5 52 58 7 (2729)
36 40 5 52 60 62 (2692)
36 40 5 52 60 66 (2704)
36 40 5 52 60 7 (2686)
36 40 5 52 62 66 (2604)
36 40 5 52 62 7 (2626)
36 40 5 56 58 60 (2639)
36 40 5 56 58 62 (2613)
36 40 5 58 60 62 (2703)
36 40 5 58 60 66 (2714)
36 40 5 58 60 7 (2696)
36 40 5 58 62 66 (2615)
36 40 5 58 62 7 (2637)
36 40 5 58 66 7 (2605)
36 40 5 60 62 66 (2615)
36 40 5 60 66 7 (2606)
36 40 52 56 58 60 (2847)
36 40 52 56 58 62 (2807)
36 40 52 56 58 66 (2720)
36 40 52 56 58 7 (2791)
36 40 52 56 58 9 (2627)
36 40 52 56 60 62 (2761)
36 40 52 56 60 66 (2721)
36 40 52 56 60 7 (2748)
36 40 52 56 62 66 (2639)
36 40 52 56 62 7 (2705)
36 40 52 56 66 7 (2624)
36 40 52 58 60 62 (2891)
36 40 52 58 60 66 (2888)
36 40 52 58 60 7 (2897)
36 40 52 58 60 9 (2707)
36 40 52 58 62 66 (2769)
36 40 52 58 62 7 (2817)
36 40 52 58 62 9 (2633)
36 40 52 58 66 7 (2773)
36 40 52 58 7 9 (2627)
36 40 52 60 62 66 (2769)
36 40 52 60 62 7 (2773)
36 40 52 60 66 7 (2774)
36 40 52 62 66 7 (2654)
36 40 56 58 60 62 (2766)
36 40 56 58 60 66 (2725)
36 40 56 58 60 7 (2752)
36 40 56 58 62 66 (2644)
36 40 56 58 62 7 (2710)
36 40 56 58 66 7 (2628)
36 40 56 60 62 66 (2644)
36 40 56 60 62 7 (2666)
36 40 56 60 66 7 (2629)
36 40 58 60 62 66 (2780)
36 40 58 60 62 7 (2784)
36 40 58 60 62 9 (2602)
36 40 58 60 66 7 (2784)
36 40 58 62 66 7 (2665)
36 40 60 62 66 7 (2665)
36 48 5 52 58 60 (2723)
36 48 5 52 58 62 (2639)
36 48 5 52 58 66 (2646)
36 48 5 52 58 7 (2638)
36 48 5 52 60 62 (2613)
36 48 5 52 60 66 (2647)
36 48 5 52 60 7 (2614)
36 48 5 58 60 62 (2624)
36 48 5 58 60 66 (2657)
36 48 5 58 60 7 (2624)
36 48 52 56 58 60 (2779)
36 48 52 56 58 62 (2709)
36 48 52 56 58 66 (2666)
36 48 52 56 58 7 (2704)
36 48 52 56 60 62 (2683)
36 48 52 56 60 66 (2667)
36 48 52 56 60 7 (2680)
36 48 52 56 62 7 (2607)
36 48 52 58 60 62 (2814)
36 48 52 58 60 66 (2835)
36 48 52 58 60 7 (2830)
36 48 52 58 60 9 (2637)
36 48 52 58 62 66 (2707)
36 48 52 58 62 7 (2720)
36 48 52 58 66 7 (2720)
36 48 52 60 62 66 (2707)
36 48 52 60 62 7 (2696)
36 48 52 60 66 7 (2721)
36 48 56 58 60 62 (2688)
36 48 56 58 60 66 (2671)
36 48 56 58 60 7 (2684)
36 48 56 58 62 7 (2612)
36 48 58 60 62 66 (2718)
36 48 58 60 62 7 (2707)
36 48 58 60 66 7 (2731)
36 48 58 62 66 7 (2603)
36 48 60 62 66 7 (2603)
36 5 52 56 58 60 (2653)
36 5 52 56 58 62 (2620)
36 5 52 56 58 7 (2606)
36 5 52 58 60 62 (2705)
36 5 52 58 60 66 (2723)
36 5 52 58 60 7 (2705)
36 5 52 58 62 66 (2617)
36 5 52 58 62 7 (2639)
36 5 52 58 66 7 (2614)
36 5 52 60 62 66 (2617)
36 5 52 60 66 7 (2615)
36 5 58 60 62 66 (2628)
36 5 58 60 62 7 (2606)
36 5 58 60 66 7 (2625)
36 52 56 58 60 62 (2775)
36 52 56 58 60 66 (2743)
36 52 56 58 60 7 (2771)
36 52 56 58 60 9 (2610)
36 52 56 58 62 66 (2653)
36 52 56 58 62 7 (2719)
36 52 56 58 66 7 (2646)
36 52 56 60 62 66 (2653)
36 52 56 60 62 7 (2675)
36 52 56 60 66 7 (2647)
36 52 58 60 62 66 (2784)
36 52 58 60 62 7 (2788)
36 52 58 60 62 9 (2606)
36 52 58 60 66 7 (2797)
36 52 58 60 66 9 (2609)
36 52 58 60 7 9 (2612)
36 52 58 62 66 7 (2669)
36 52 60 62 66 7 (2669)
36 56 58 60 62 66 (2658)
36 56 58 60 62 7 (2680)
36 56 58 60 66 7 (2651)
36 58 60 62 66 7 (2680)
40 48 5 52 58 60 (2729)
40 48 5 52 58 62 (2652)
40 48 5 52 58 66 (2652)
40 48 5 52 58 7 (2643)
40 48 5 52 60 62 (2626)
40 48 5 52 60 66 (2653)
40 48 5 52 60 7 (2620)
40 48 5 58 60 62 (2637)
40 48 5 58 60 66 (2663)
40 48 5 58 60 7 (2630)
40 48 52 56 58 60 (2781)
40 48 52 56 58 62 (2721)
40 48 52 56 58 66 (2669)
40 48 52 56 58 7 (2705)
40 48 52 56 60 62 (2695)
40 48 52 56 60 66 (2670)
40 48 52 56 60 7 (2682)
40 48 52 56 62 7 (2619)
40 48 52 58 60 62 (2825)
40 48 52 58 60 66 (2837)
40 48 52 58 60 7 (2831)
40 48 52 58 60 9 (2641)
40 48 52 58 62 66 (2718)
40 48 52 58 62 7 (2731)
40 48 52 58 66 7 (2722)
40 48 52 60 62 66 (2718)
40 48 52 60 62 7 (2707)
40 48 52 60 66 7 (2723)
40 48 52 62 66 7 (2603)
40 48 56 58 60 62 (2700)
40 48 56 58 60 66 (2674)
40 48 56 58 60 7 (2686)
40 48 56 58 62 7 (2624)
40 48 56 60 62 7 (2600)
40 48 58 60 62 66 (2729)
40 48 58 60 62 7 (2718)
40 48 58 60 66 7 (2733)
40 48 58 62 66 7 (2614)
40 48 60 62 66 7 (2614)
40 5 52 56 58 60 (2731)
40 5 52 56 58 62 (2705)
40 5 52 56 58 66 (2639)
40 5 52 56 58 7 (2683)
40 5 52 56 60 62 (2659)
40 5 52 56 60 66 (2640)
40 5 52 56 60 7 (2640)
40 5 52 56 62 7 (2611)
40 5 52 58 60 62 (2789)
40 5 52 58 60 66 (2800)
40 5 52 58 60 7 (2782)
40 5 52 58 60 9 (2618)
40 5 52 58 62 66 (2701)
40 5 52 58 62 7 (2723)
40 5 52 58 66 7 (2691)
40 5 52 60 62 66 (2701)
40 5 52 60 62 7 (2679)
40 5 52 60 66 7 (2692)
40 5 56 58 60 62 (2664)
40 5 56 58 60 66 (2644)
40 5 56 58 60 7 (2644)
40 5 56 58 62 7 (2616)
40 5 58 60 62 66 (2712)
40 5 58 60 62 7 (2690)
40 5 58 60 66 7 (2702)
40 5 58 62 66 7 (2603)
40 5 60 62 66 7 (2603)
40 52 56 58 60 62 (2858)
40 52 56 58 60 66 (2817)
40 52 56 58 60 7 (2844)
40 52 56 58 60 9 (2685)
40 52 56 58 62 66 (2736)
40 52 56 58 62 7 (2802)
40 52 56 58 62 9 (2640)
40 52 56 58 66 7 (2720)
40 52 56 58 7 9 (2623)
40 52 56 60 62 66 (2736)
40 52 56 60 62 7 (2758)
40 52 56 60 62 9 (2601)
40 52 56 60 66 7 (2721)
40 52 56 62 66 7 (2639)
40 52 58 60 62 66 (2866)
40 52 58 60 62 7 (2870)
40 52 58 60 62 9 (2691)
40 52 58 60 66 7 (2870)
40 52 58 60 66 9 (2685)
40 52 58 60 7 9 (2687)
40 52 58 62 66 7 (2751)
40 52 58 62 7 9 (2611)
40 52 60 62 66 7 (2751)
40 56 58 60 62 66 (2741)
40 56 58 60 62 7 (2763)
40 56 58 60 62 9 (2606)
40 56 58 60 66 7 (2725)
40 56 58 62 66 7 (2644)
40 56 60 62 66 7 (2644)
40 58 60 62 66 7 (2762)
48 5 52 58 60 62 (2639)
48 5 52 58 60 66 (2672)
48 5 52 58 60 7 (2639)
48 52 56 58 60 62 (2709)
48 52 56 58 60 66 (2692)
48 52 56 58 60 7 (2705)
48 52 56 58 62 66 (2602)
48 52 56 58 62 7 (2633)
48 52 56 60 62 66 (2602)
48 52 56 60 62 7 (2609)
48 52 58 60 62 66 (2733)
48 52 58 60 62 7 (2722)
48 52 58 60 66 7 (2746)
48 52 58 62 66 7 (2618)
48 52 60 62 66 7 (2618)
48 56 58 60 62 66 (2607)
48 56 58 60 62 7 (2614)
48 56 58 60 66 7 (2600)
48 58 60 62 66 7 (2629)
5 52 56 58 60 62 (2671)
5 52 56 58 60 66 (2658)
5 52 56 58 60 7 (2658)
5 52 56 58 62 7 (2623)
5 52 58 60 62 66 (2714)
5 52 58 60 62 7 (2692)
5 52 58 60 66 7 (2711)
5 52 58 62 66 7 (2605)
5 52 60 62 66 7 (2605)
5 58 60 62 66 7 (2616)
52 56 58 60 62 66 (2750)
52 56 58 60 62 7 (2772)
52 56 58 60 62 9 (2613)
52 56 58 60 66 7 (2743)
52 56 58 60 7 9 (2608)
52 56 58 62 66 7 (2653)
52 56 60 62 66 7 (2653)
52 58 60 62 66 7 (2766)
56 58 60 62 66 7 (2658)
25 29 34 36 40 52 58 (2610)
25 29 34 36 52 58 60 (2605)
25 29 34 40 52 58 60 (2649)
25 29 36 40 48 52 58 (2681)
25 29 36 40 48 52 60 (2665)
25 29 36 40 48 58 60 (2674)
25 29 36 40 52 58 60 (2718)
25 29 36 40 52 58 62 (2635)
25 29 36 40 52 58 66 (2606)
25 29 36 40 52 58 7 (2634)
25 29 36 40 52 60 62 (2608)
25 29 36 40 52 60 66 (2607)
25 29 36 40 52 60 7 (2608)
25 29 36 40 58 60 62 (2618)
25 29 36 40 58 60 66 (2616)
25 29 36 40 58 60 7 (2617)
25 29 36 48 52 58 60 (2689)
25 29 36 52 58 60 62 (2623)
25 29 36 52 58 60 66 (2630)
25 29 36 52 58 60 7 (2632)
25 29 40 48 52 58 60 (2683)
25 29 40 52 56 58 60 (2628)
25 29 40 52 58 60 62 (2674)
25 29 40 52 58 60 66 (2672)
25 29 40 52 58 60 7 (2673)
25 29 48 52 58 60 66 (2602)
25 36 40 48 52 58 60 (2676)
25 36 40 52 58 60 62 (2620)
25 36 40 52 58 60 66 (2614)
25 36 40 52 58 60 7 (2613)
29 3 34 40 52 58 60 (2643)
29 3 34 40 52 58 7 (2602)
29 3 36 40 48 52 58 (2611)
29 3 36 40 52 58 60 (2678)
29 3 36 40 52 58 62 (2607)
29 3 36 40 52 58 7 (2637)
29 3 36 40 52 60 7 (2604)
29 3 36 40 58 60 7 (2613)
29 3 36 48 52 58 60 (2615)
29 3 36 52 58 60 66 (2601)
29 3 36 52 58 60 7 (2629)
29 3 40 48 52 58 60 (2616)
29 3 40 52 56 58 60 (2642)
29 3 40 52 56 58 62 (2609)
29 3 40 52 56 58 7 (2601)
29 3 40 52 58 60 62 (2667)
29 3 40 52 58 60 66 (2670)
29 3 40 52 58 60 7 (2697)
29 3 40 52 58 62 7 (2626)
29 3 40 58 60 62 7 (2602)
29 3 40 58 60 66 7 (2606)
29 3 52 58 60 62 7 (2608)
29 3 52 58 60 66 7 (2621)
29 34 36 40 48 5 52 (2648)
29 34 36 40 48 5 58 (2656)
29 34 36 40 48 5 60 (2633)
29 34 36 40 48 52 56 (2643)
29 34 36 40 48 52 58 (2794)
29 34 36 40 48 52 60 (2771)
29 34 36 40 48 52 62 (2679)
29 34 36 40 48 52 66 (2678)
29 34 36 40 48 52 7 (2687)
29 34 36 40 48 56 58 (2647)
29 34 36 40 48 56 60 (2624)
29 34 36 40 48 58 60 (2779)
29 34 36 40 48 58 62 (2688)
29 34 36 40 48 58 66 (2686)
29 34 36 40 48 58 7 (2695)
29 34 36 40 48 60 62 (2664)
29 34 36 40 48 60 66 (2687)
29 34 36 40 48 60 7 (2672)
29 34 36 40 5 52 56 (2611)
29 34 36 40 5 52 58 (2759)
29 34 36 40 5 52 60 (2716)
29 34 36 40 5 52 62 (2657)
29 34 36 40 5 52 66 (2625)
29 34 36 40 5 52 7 (2656)
29 34 36 40 5 56 58 (2615)
29 34 36 40 5 58 60 (2724)
29 34 36 40 5 58 62 (2666)
29 34 36 40 5 58 66 (2633)
29 34 36 40 5 58 7 (2664)
29 34 36 40 5 60 62 (2622)
29 34 36 40 5 60 66 (2634)
29 34 36 40 5 60 7 (2621)
29 34 36 40 52 56 58 (2754)
29 34 36 40 52 56 60 (2711)
29 34 36 40 52 56 62 (2673)
29 34 36 40 52 56 66 (2603)
29 34 36 40 52 56 7 (2663)
29 34 36 40 52 58 60 (2862)
29 34 36 40 52 58 62 (2791)
29 34 36 40 52 58 66 (2754)
29 34 36 40 52 58 7 (2798)
29 34 36 40 52 58 9 (2625)
29 34 36 40 52 60 62 (2747)
29 34 36 40 52 60 66 (2755)
29 34 36 40 52 60 7 (2755)
29 34 36 40 52 62 66 (2644)
29 34 36 40 52 62 7 (2683)
29 34 36 40 52 66 7 (2648)
29 34 36 40 56 58 60 (2715)
29 34 36 40 56 58 62 (2678)
29 34 36 40 56 58 66 (2607)
29 34 36 40 56 58 7 (2667)
29 34 36 40 56 60 62 (2634)
29 34 36 40 56 60 66 (2608)
29 34 36 40 56 60 7 (2624)
29 34 36 40 58 60 62 (2756)
29 34 36 40 58 60 66 (2763)
29 34 36 40 58 60 7 (2763)
29 34 36 40 58 62 66 (2653)
29 34 36 40 58 62 7 (2692)
29 34 36 40 58 66 7 (2656)
29 34 36 40 60 62 66 (2653)
29 34 36 40 60 62 7 (2648)
29 34 36 40 60 66 7 (2657)
29 34 36 48 5 52 58 (2666)
29 34 36 48 5 52 60 (2642)
29 34 36 48 5 58 60 (2650)
29 34 36 48 52 56 58 (2665)
29 34 36 48 52 56 60 (2641)
29 34 36 48 52 58 60 (2792)
29 34 36 48 52 58 62 (2691)
29 34 36 48 52 58 66 (2698)
29 34 36 48 52 58 7 (2709)
29 34 36 48 52 60 62 (2667)
29 34 36 48 52 60 66 (2699)
29 34 36 48 52 60 7 (2685)
29 34 36 48 56 58 60 (2645)
29 34 36 48 58 60 62 (2676)
29 34 36 48 58 60 66 (2707)
29 34 36 48 58 60 7 (2693)
29 34 36 48 58 66 7 (2600)
29 34 36 48 60 66 7 (2601)
29 34 36 5 52 56 58 (2629)
29 34 36 5 52 58 60 (2733)
29 34 36 5 52 58 62 (2668)
29 34 36 5 52 58 66 (2642)
29 34 36 5 52 58 7 (2674)
29 34 36 5 52 60 62 (2624)
29 34 36 5 52 60 66 (2643)
29 34 36 5 52 60 7 (2630)
29 34 36 5 58 60 62 (2633)
29 34 36 5 58 60 66 (2651)
29 34 36 5 58 60 7 (2638)
29 34 36 52 56 58 60 (2732)
29 34 36 52 56 58 62 (2685)
29 34 36 52 56 58 66 (2623)
29 34 36 52 56 58 7 (2685)
29 34 36 52 56 60 62 (2641)
29 34 36 52 56 60 66 (2624)
29 34 36 52 56 60 7 (2641)
29 34 36 52 58 60 62 (2759)
29 34 36 52 58 60 66 (2775)
29 34 36 52 58 60 7 (2776)
29 34 36 52 58 60 9 (2608)
29 34 36 52 58 62 66 (2656)
29 34 36 52 58 62 7 (2695)
29 34 36 52 58 66 7 (2668)
29 34 36 52 60 62 66 (2656)
29 34 36 52 60 62 7 (2651)
29 34 36 52 60 66 7 (2669)
29 34 36 56 58 60 62 (2646)
29 34 36 56 58 60 66 (2628)
29 34 36 56 58 60 7 (2645)
29 34 36 58 60 62 66 (2665)
29 34 36 58 60 62 7 (2660)
29 34 36 58 60 66 7 (2677)
29 34 40 48 5 52 58 (2673)
29 34 40 48 5 52 60 (2650)
29 34 40 48 5 58 60 (2658)
29 34 40 48 52 56 58 (2668)
29 34 40 48 52 56 60 (2645)
29 34 40 48 52 58 60 (2796)
29 34 40 48 52 58 62 (2705)
29 34 40 48 52 58 66 (2703)
29 34 40 48 52 58 7 (2712)
29 34 40 48 52 60 62 (2681)
29 34 40 48 52 60 66 (2704)
29 34 40 48 52 60 7 (2689)
29 34 40 48 56 58 60 (2649)
29 34 40 48 58 60 62 (2690)
29 34 40 48 58 60 66 (2712)
29 34 40 48 58 60 7 (2697)
29 34 40 48 58 62 66 (2602)
29 34 40 48 58 62 7 (2606)
29 34 40 48 58 66 7 (2605)
29 34 40 48 60 62 66 (2602)
29 34 40 48 60 66 7 (2606)
29 34 40 5 52 56 58 (2707)
29 34 40 5 52 56 60 (2664)
29 34 40 5 52 56 62 (2636)
29 34 40 5 52 56 7 (2620)
29 34 40 5 52 58 60 (2812)
29 34 40 5 52 58 62 (2754)
29 34 40 5 52 58 66 (2721)
29 34 40 5 52 58 7 (2752)
29 34 40 5 52 60 62 (2710)
29 34 40 5 52 60 66 (2722)
29 34 40 5 52 60 7 (2709)
29 34 40 5 52 62 66 (2623)
29 34 40 5 52 62 7 (2650)
29 34 40 5 52 66 7 (2619)
29 34 40 5 56 58 60 (2668)
29 34 40 5 56 58 62 (2641)
29 34 40 5 56 58 7 (2624)
29 34 40 5 58 60 62 (2719)
29 34 40 5 58 60 66 (2730)
29 34 40 5 58 60 7 (2717)
29 34 40 5 58 62 66 (2632)
29 34 40 5 58 62 7 (2659)
29 34 40 5 58 66 7 (2627)
29 34 40 5 60 62 66 (2632)
29 34 40 5 60 62 7 (2615)
29 34 40 5 60 66 7 (2628)
29 34 40 52 56 58 60 (2807)
29 34 40 52 56 58 62 (2770)
29 34 40 52 56 58 66 (2699)
29 34 40 52 56 58 7 (2759)
29 34 40 52 56 58 9 (2609)
29 34 40 52 56 60 62 (2726)
29 34 40 52 56 60 66 (2700)
29 34 40 52 56 60 7 (2716)
29 34 40 52 56 62 66 (2623)
29 34 40 52 56 62 7 (2678)
29 34 40 52 56 66 7 (2609)
29 34 40 52 58 60 62 (2844)
29 34 40 52 58 60 66 (2851)
29 34 40 52 58 60 7 (2851)
29 34 40 52 58 60 9 (2685)
29 34 40 52 58 62 66 (2741)
29 34 40 52 58 62 7 (2780)
29 34 40 52 58 62 9 (2617)
29 34 40 52 58 66 7 (2744)
29 34 40 52 58 7 9 (2615)
29 34 40 52 60 62 66 (2741)
29 34 40 52 60 62 7 (2736)
29 34 40 52 60 66 7 (2745)
29 34 40 52 62 66 7 (2634)
29 34 40 56 58 60 62 (2731)
29 34 40 56 58 60 66 (2704)
29 34 40 56 58 60 7 (2720)
29 34 40 56 58 62 66 (2628)
29 34 40 56 58 62 7 (2683)
29 34 40 56 58 66 7 (2613)
29 34 40 56 60 62 66 (2628)
29 34 40 56 60 62 7 (2639)
29 34 40 56 60 66 7 (2614)
29 34 40 58 60 62 66 (2750)
29 34 40 58 60 62 7 (2745)
29 34 40 58 60 66 7 (2753)
29 34 40 58 62 66 7 (2643)
29 34 40 60 62 66 7 (2643)
29 34 48 5 52 58 60 (2667)
29 34 48 5 58 60 66 (2600)
29 34 48 52 56 58 60 (2666)
29 34 48 52 58 60 62 (2693)
29 34 48 52 58 60 66 (2724)
29 34 48 52 58 60 7 (2710)
29 34 48 52 58 62 66 (2605)
29 34 48 52 58 62 7 (2609)
29 34 48 52 58 66 7 (2617)
29 34 48 52 60 62 66 (2605)
29 34 48 52 60 66 7 (2618)
29 34 48 58 60 62 66 (2614)
29 34 48 58 60 66 7 (2626)
29 34 5 52 56 58 60 (2681)
29 34 5 52 56 58 62 (2647)
29 34 5 52 56 58 7 (2638)
29 34 5 52 56 60 62 (2603)
29 34 5 52 58 60 62 (2721)
29 34 5 52 58 60 66 (2739)
29 34 5 52 58 60 7 (2726)
29 34 5 52 58 62 66 (2634)
29 34 5 52 58 62 7 (2661)
29 34 5 52 58 66 7 (2636)
29 34 5 52 60 62 66 (2634)
29 34 5 52 60 62 7 (2617)
29 34 5 52 60 66 7 (2637)
29 34 5 56 58 60 62 (2608)
29 34 5 58 60 62 66 (2643)
29 34 5 58 60 62 7 (2626)
29 34 5 58 60 66 7 (2645)
29 34 52 56 58 60 62 (2738)
29 34 52 56 58 60 66 (2720)
29 34 52 56 58 60 7 (2737)
29 34 52 56 58 62 66 (2635)
29 34 52 56 58 62 7 (2690)
29 34 52 56 58 66 7 (2629)
29 34 52 56 60 62 66 (2635)
29 34 52 56 60 62 7 (2646)
29 34 52 56 60 66 7 (2630)
29 34 52 58 60 62 66 (2753)
29 34 52 58 60 62 7 (2748)
29 34 52 58 60 66 7 (2765)
29 34 52 58 62 66 7 (2646)
29 34 52 60 62 66 7 (2646)
29 34 56 58 60 62 66 (2640)
29 34 56 58 60 62 7 (2651)
29 34 56 58 60 66 7 (2634)
29 34 58 60 62 66 7 (2655)
29 36 40 48 5 52 58 (2722)
29 36 40 48 5 52 60 (2699)
29 36 40 48 5 52 62 (2619)
29 36 40 48 5 52 66 (2623)
29 36 40 48 5 52 7 (2615)
29 36 40 48 5 58 60 (2709)
29 36 40 48 5 58 62 (2630)
29 36 40 48 5 58 66 (2633)
29 36 40 48 5 58 7 (2625)
29 36 40 48 5 60 62 (2606)
29 36 40 48 5 60 66 (2634)
29 36 40 48 5 60 7 (2602)
29 36 40 48 52 56 58 (2766)
29 36 40 48 52 56 60 (2743)
29 36 40 48 52 56 62 (2680)
29 36 40 48 52 56 66 (2636)
29 36 40 48 52 56 7 (2673)
29 36 40 48 52 58 60 (2910)
29 36 40 48 52 58 62 (2810)
29 36 40 48 52 58 66 (2803)
29 36 40 48 52 58 7 (2822)
29 36 40 48 52 58 9 (2626)
29 36 40 48 52 60 62 (2786)
29 36 40 48 52 60 66 (2804)
29 36 40 48 52 60 7 (2799)
29 36 40 48 52 60 9 (2610)
29 36 40 48 52 62 66 (2684)
29 36 40 48 52 62 7 (2698)
29 36 40 48 52 66 7 (2693)
29 36 40 48 56 58 60 (2747)
29 36 40 48 56 58 62 (2685)
29 36 40 48 56 58 66 (2640)
29 36 40 48 56 58 7 (2677)
29 36 40 48 56 60 62 (2661)
29 36 40 48 56 60 66 (2641)
29 36 40 48 56 60 7 (2654)
29 36 40 48 58 60 62 (2797)
29 36 40 48 58 60 66 (2814)
29 36 40 48 58 60 7 (2809)
29 36 40 48 58 60 9 (2617)
29 36 40 48 58 62 66 (2695)
29 36 40 48 58 62 7 (2709)
29 36 40 48 58 66 7 (2703)
29 36 40 48 60 62 66 (2695)
29 36 40 48 60 62 7 (2685)
29 36 40 48 60 66 7 (2704)
29 36 40 5 52 56 58 (2673)
29 36 40 5 52 56 60 (2630)
29 36 40 5 52 56 62 (2601)
29 36 40 5 52 58 60 (2790)
29 36 40 5 52 58 62 (2731)
29 36 40 5 52 58 66 (2699)
29 36 40 5 52 58 7 (2726)
29 36 40 5 52 60 62 (2687)
29 36 40 5 52 60 66 (2700)
29 36 40 5 52 60 7 (2683)
29 36 40 5 52 62 66 (2600)
29 36 40 5 52 62 7 (2623)
29 36 40 5 56 58 60 (2634)
29 36 40 5 56 58 62 (2606)
29 36 40 5 58 60 62 (2698)
29 36 40 5 58 60 66 (2710)
29 36 40 5 58 60 7 (2693)
29 36 40 5 58 62 66 (2611)
29 36 40 5 58 62 7 (2634)
29 36 40 5 58 66 7 (2603)
29 36 40 5 60 62 66 (2611)
29 36 40 5 60 66 7 (2604)
29 36 40 52 56 58 60 (2834)
29 36 40 52 56 58 62 (2792)
29 36 40 52 56 58 66 (2712)
29 36 40 52 56 58 7 (2784)
29 36 40 52 56 58 9 (2619)
29 36 40 52 56 60 62 (2748)
29 36 40 52 56 60 66 (2713)
29 36 40 52 56 60 7 (2741)
29 36 40 52 56 62 66 (2631)
29 36 40 52 56 62 7 (2698)
29 36 40 52 56 66 7 (2620)
29 36 40 52 58 60 62 (2878)
29 36 40 52 58 60 66 (2880)
29 36 40 52 58 60 7 (2890)
29 36 40 52 58 60 9 (2701)
29 36 40 52 58 62 66 (2761)
29 36 40 52 58 62 7 (2810)
29 36 40 52 58 62 9 (2625)
29 36 40 52 58 66 7 (2769)
29 36 40 52 58 7 9 (2627)
29 36 40 52 60 62 66 (2761)
29 36 40 52 60 62 7 (2766)
29 36 40 52 60 66 7 (2770)
29 36 40 52 62 66 7 (2650)
29 36 40 56 58 60 62 (2753)
29 36 40 56 58 60 66 (2717)
29 36 40 56 58 60 7 (2745)
29 36 40 56 58 62 66 (2636)
29 36 40 56 58 62 7 (2703)
29 36 40 56 58 66 7 (2624)
29 36 40 56 60 62 66 (2636)
29 36 40 56 60 62 7 (2659)
29 36 40 56 60 66 7 (2625)
29 36 40 58 60 62 66 (2772)
29 36 40 58 60 62 7 (2777)
29 36 40 58 60 66 7 (2780)
29 36 40 58 62 66 7 (2661)
29 36 40 60 62 66 7 (2661)
29 36 48 5 52 58 60 (2718)
29 36 48 5 52 58 62 (2632)
29 36 48 5 52 58 66 (2642)
29 36 48 5 52 58 7 (2635)
29 36 48 5 52 60 62 (2608)
29 36 48 5 52 60 66 (2643)
29 36 48 5 52 60 7 (2611)
29 36 48 5 58 60 62 (2619)
29 36 48 5 58 60 66 (2653)
29 36 48 5 58 60 7 (2621)
29 36 48 52 56 58 60 (2766)
29 36 48 52 56 58 62 (2694)
29 36 48 52 56 58 66 (2658)
29 36 48 52 56 58 7 (2697)
29 36 48 52 56 60 62 (2670)
29 36 48 52 56 60 66 (2659)
29 36 48 52 56 60 7 (2673)
29 36 48 52 56 62 7 (2600)
29 36 48 52 58 60 62 (2801)
29 36 48 52 58 60 66 (2827)
29 36 48 52 58 60 7 (2823)
29 36 48 52 58 60 9 (2631)
29 36 48 52 58 62 66 (2699)
29 36 48 52 58 62 7 (2713)
29 36 48 52 58 66 7 (2716)
29 36 48 52 60 62 66 (2699)
29 36 48 52 60 62 7 (2689)
29 36 48 52 60 66 7 (2717)
29 36 48 56 58 60 62 (2675)
29 36 48 56 58 60 66 (2663)
29 36 48 56 58 60 7 (2677)
29 36 48 56 58 62 7 (2605)
29 36 48 58 60 62 66 (2710)
29 36 48 58 60 62 7 (2700)
29 36 48 58 60 66 7 (2727)
29 36 5 52 56 58 60 (2648)
29 36 5 52 56 58 62 (2613)
29 36 5 52 56 58 7 (2603)
29 36 5 52 58 60 62 (2700)
29 36 5 52 58 60 66 (2719)
29 36 5 52 58 60 7 (2702)
29 36 5 52 58 62 66 (2613)
29 36 5 52 58 62 7 (2636)
29 36 5 52 58 66 7 (2612)
29 36 5 52 60 62 66 (2613)
29 36 5 52 60 66 7 (2613)
29 36 5 58 60 62 66 (2624)
29 36 5 58 60 62 7 (2603)
29 36 5 58 60 66 7 (2623)
29 36 52 56 58 60 62 (2762)
29 36 52 56 58 60 66 (2735)
29 36 52 56 58 60 7 (2764)
29 36 52 56 58 60 9 (2604)
29 36 52 56 58 62 66 (2645)
29 36 52 56 58 62 7 (2712)
29 36 52 56 58 66 7 (2642)
29 36 52 56 60 62 66 (2645)
29 36 52 56 60 62 7 (2668)
29 36 52 56 60 66 7 (2643)
29 36 52 58 60 62 66 (2776)
29 36 52 58 60 62 7 (2781)
29 36 52 58 60 62 9 (2600)
29 36 52 58 60 66 7 (2793)
29 36 52 58 60 66 9 (2605)
29 36 52 58 60 7 9 (2612)
29 36 52 58 62 66 7 (2665)
29 36 52 60 62 66 7 (2665)
29 36 56 58 60 62 66 (2650)
29 36 56 58 60 62 7 (2673)
29 36 56 58 60 66 7 (2647)
29 36 58 60 62 66 7 (2676)
29 40 48 5 52 58 60 (2724)
29 40 48 5 52 58 62 (2645)
29 40 48 5 52 58 66 (2648)
29 40 48 5 52 58 7 (2640)
29 40 48 5 52 60 62 (2621)
29 40 48 5 52 60 66 (2649)
29 40 48 5 52 60 7 (2617)
29 40 48 5 58 60 62 (2632)
29 40 48 5 58 60 66 (2659)
29 40 48 5 58 60 7 (2627)
29 40 48 52 56 58 60 (2768)
29 40 48 52 56 58 62 (2706)
29 40 48 52 56 58 66 (2661)
29 40 48 52 56 58 7 (2698)
29 40 48 52 56 60 62 (2682)
29 40 48 52 56 60 66 (2662)
29 40 48 52 56 60 7 (2675)
29 40 48 52 56 62 7 (2612)
29 40 48 52 58 60 62 (2812)
29 40 48 52 58 60 66 (2829)
29 40 48 52 58 60 7 (2824)
29 40 48 52 58 60 9 (2635)
29 40 48 52 58 62 66 (2710)
29 40 48 52 58 62 7 (2724)
29 40 48 52 58 66 7 (2718)
29 40 48 52 60 62 66 (2710)
29 40 48 52 60 62 7 (2700)
29 40 48 52 60 66 7 (2719)
29 40 48 56 58 60 62 (2687)
29 40 48 56 58 60 66 (2666)
29 40 48 56 58 60 7 (2679)
29 40 48 56 58 62 7 (2617)
29 40 48 58 60 62 66 (2721)
29 40 48 58 60 62 7 (2711)
29 40 48 58 60 66 7 (2729)
29 40 48 58 62 66 7 (2610)
29 40 48 60 62 66 7 (2610)
29 40 5 52 56 58 60 (2726)
29 40 5 52 56 58 62 (2698)
29 40 5 52 56 58 66 (2635)
29 40 5 52 56 58 7 (2680)
29 40 5 52 56 60 62 (2654)
29 40 5 52 56 60 66 (2636)
29 40 5 52 56 60 7 (2637)
29 40 5 52 56 62 7 (2608)
29 40 5 52 58 60 62 (2784)
29 40 5 52 58 60 66 (2796)
29 40 5 52 58 60 7 (2779)
29 40 5 52 58 60 9 (2616)
29 40 5 52 58 62 66 (2697)
29 40 5 52 58 62 7 (2720)
29 40 5 52 58 66 7 (2689)
29 40 5 52 60 62 66 (2697)
29 40 5 52 60 62 7 (2676)
29 40 5 52 60 66 7 (2690)
29 40 5 56 58 60 62 (2659)
29 40 5 56 58 60 66 (2640)
29 40 5 56 58 60 7 (2641)
29 40 5 56 58 62 7 (2613)
29 40 5 58 60 62 66 (2708)
29 40 5 58 60 62 7 (2687)
29 40 5 58 60 66 7 (2700)
29 40 5 58 62 66 7 (2601)
29 40 5 60 62 66 7 (2601)
29 40 52 56 58 60 62 (2845)
29 40 52 56 58 60 66 (2809)
29 40 52 56 58 60 7 (2837)
29 40 52 56 58 60 9 (2679)
29 40 52 56 58 62 66 (2728)
29 40 52 56 58 62 7 (2795)
29 40 52 56 58 62 9 (2632)
29 40 52 56 58 66 7 (2716)
29 40 52 56 58 7 9 (2623)
29 40 52 56 60 62 66 (2728)
29 40 52 56 60 62 7 (2751)
29 40 52 56 60 66 7 (2717)
29 40 52 56 62 66 7 (2635)
29 40 52 58 60 62 66 (2858)
29 40 52 58 60 62 7 (2863)
29 40 52 58 60 62 9 (2685)
29 40 52 58 60 66 7 (2866)
29 40 52 58 60 66 9 (2681)
29 40 52 58 60 7 9 (2687)
29 40 52 58 62 66 7 (2747)
29 40 52 58 62 7 9 (2611)
29 40 52 60 62 66 7 (2747)
29 40 56 58 60 62 66 (2733)
29 40 56 58 60 62 7 (2756)
29 40 56 58 60 62 9 (2600)
29 40 56 58 60 66 7 (2721)
29 40 56 58 62 66 7 (2640)
29 40 56 60 62 66 7 (2640)
29 40 58 60 62 66 7 (2758)
29 48 5 52 58 60 62 (2634)
29 48 5 52 58 60 66 (2668)
29 48 5 52 58 60 7 (2636)
29 48 52 56 58 60 62 (2696)
29 48 52 56 58 60 66 (2684)
29 48 52 56 58 60 7 (2698)
29 48 52 56 58 62 7 (2626)
29 48 52 56 60 62 7 (2602)
29 48 52 58 60 62 66 (2725)
29 48 52 58 60 62 7 (2715)
29 48 52 58 60 66 7 (2742)
29 48 52 58 62 66 7 (2614)
29 48 52 60 62 66 7 (2614)
29 48 56 58 60 62 7 (2607)
29 48 58 60 62 66 7 (2625)
29 5 52 56 58 60 62 (2666)
29 5 52 56 58 60 66 (2654)
29 5 52 56 58 60 7 (2655)
29 5 52 56 58 62 7 (2620)
29 5 52 58 60 62 66 (2710)
29 5 52 58 60 62 7 (2689)
29 5 52 58 60 66 7 (2709)
29 5 52 58 62 66 7 (2603)
29 5 52 60 62 66 7 (2603)
29 5 58 60 62 66 7 (2614)
29 52 56 58 60 62 66 (2742)
29 52 56 58 60 62 7 (2765)
29 52 56 58 60 62 9 (2607)
29 52 56 58 60 66 7 (2739)
29 52 56 58 60 7 9 (2608)
29 52 56 58 62 66 7 (2649)
29 52 56 60 62 66 7 (2649)
29 52 58 60 62 66 7 (2762)
29 56 58 60 62 66 7 (2654)
3 36 40 52 58 60 7 (2604)
34 36 40 48 5 52 58 (2651)
34 36 40 48 5 52 60 (2628)
34 36 40 48 5 58 60 (2636)
34 36 40 48 52 56 58 (2646)
34 36 40 48 52 56 60 (2623)
34 36 40 48 52 58 60 (2774)
34 36 40 48 52 58 62 (2683)
34 36 40 48 52 58 66 (2681)
34 36 40 48 52 58 7 (2688)
34 36 40 48 52 60 62 (2659)
34 36 40 48 52 60 66 (2682)
34 36 40 48 52 60 7 (2665)
34 36 40 48 56 58 60 (2627)
34 36 40 48 58 60 62 (2668)
34 36 40 48 58 60 66 (2690)
34 36 40 48 58 60 7 (2673)
34 36 40 5 52 56 58 (2614)
34 36 40 5 52 58 60 (2719)
34 36 40 5 52 58 62 (2661)
34 36 40 5 52 58 66 (2628)
34 36 40 5 52 58 7 (2657)
34 36 40 5 52 60 62 (2617)
34 36 40 5 52 60 66 (2629)
34 36 40 5 52 60 7 (2614)
34 36 40 5 58 60 62 (2626)
34 36 40 5 58 60 66 (2637)
34 36 40 5 58 60 7 (2622)
34 36 40 52 56 58 60 (2714)
34 36 40 52 56 58 62 (2677)
34 36 40 52 56 58 66 (2606)
34 36 40 52 56 58 7 (2664)
34 36 40 52 56 60 62 (2633)
34 36 40 52 56 60 66 (2607)
34 36 40 52 56 60 7 (2621)
34 36 40 52 58 60 62 (2751)
34 36 40 52 58 60 66 (2758)
34 36 40 52 58 60 7 (2756)
34 36 40 52 58 62 66 (2648)
34 36 40 52 58 62 7 (2685)
34 36 40 52 58 66 7 (2649)
34 36 40 52 60 62 66 (2648)
34 36 40 52 60 62 7 (2641)
34 36 40 52 60 66 7 (2650)
34 36 40 56 58 60 62 (2638)
34 36 40 56 58 60 66 (2611)
34 36 40 56 58 60 7 (2625)
34 36 40 58 60 62 66 (2657)
34 36 40 58 60 62 7 (2650)
34 36 40 58 60 66 7 (2658)
34 36 48 5 52 58 60 (2645)
34 36 48 52 56 58 60 (2644)
34 36 48 52 58 60 62 (2671)
34 36 48 52 58 60 66 (2702)
34 36 48 52 58 60 7 (2686)
34 36 48 58 60 66 7 (2602)
34 36 5 52 58 60 62 (2628)
34 36 5 52 58 60 66 (2646)
34 36 5 52 58 60 7 (2631)
34 36 52 56 58 60 62 (2645)
34 36 52 56 58 60 66 (2627)
34 36 52 56 58 60 7 (2642)
34 36 52 58 60 62 66 (2660)
34 36 52 58 60 62 7 (2653)
34 36 52 58 60 66 7 (2670)
34 40 48 5 52 58 60 (2653)
34 40 48 52 56 58 60 (2648)
34 40 48 52 58 60 62 (2685)
34 40 48 52 58 60 66 (2707)
34 40 48 52 58 60 7 (2690)
34 40 48 58 60 62 66 (2606)
34 40 48 58 60 66 7 (2607)
34 40 5 52 56 58 60 (2667)
34 40 5 52 56 58 62 (2640)
34 40 5 52 56 58 7 (2621)
34 40 5 52 58 60 62 (2714)
34 40 5 52 58 60 66 (2725)
34 40 5 52 58 60 7 (2710)
34 40 5 52 58 62 66 (2627)
34 40 5 52 58 62 7 (2652)
34 40 5 52 58 66 7 (2620)
34 40 5 52 60 62 66 (2627)
34 40 5 52 60 62 7 (2608)
34 40 5 52 60 66 7 (2621)
34 40 5 56 58 60 62 (2601)
34 40 5 58 60 62 66 (2636)
34 40 5 58 60 62 7 (2617)
34 40 5 58 60 66 7 (2629)
34 40 52 56 58 60 62 (2730)
34 40 52 56 58 60 66 (2703)
34 40 52 56 58 60 7 (2717)
34 40 52 56 58 62 66 (2627)
34 40 52 56 58 62 7 (2680)
34 40 52 56 58 66 7 (2610)
34 40 52 56 60 62 66 (2627)
34 40 52 56 60 62 7 (2636)
34 40 52 56 60 66 7 (2611)
34 40 52 58 60 62 66 (2745)
34 40 52 58 60 62 7 (2738)
34 40 52 58 60 66 7 (2746)
34 40 52 58 62 66 7 (2636)
34 40 52 60 62 66 7 (2636)
34 40 56 58 60 62 66 (2632)
34 40 56 58 60 62 7 (2641)
34 40 56 58 60 66 7 (2615)
34 40 58 60 62 66 7 (2645)
34 48 52 58 60 62 66 (2609)
34 48 52 58 60 66 7 (2619)
34 5 52 56 58 60 62 (2607)
34 5 52 58 60 62 66 (2638)
34 5 52 58 60 62 7 (2619)
34 5 52 58 60 66 7 (2638)
34 52 56 58 60 62 66 (2639)
34 52 56 58 60 62 7 (2648)
34 52 56 58 60 66 7 (2631)
34 52 58 60 62 66 7 (2648)
36 40 48 5 52 58 60 (2703)
36 40 48 5 52 58 62 (2626)
36 40 48 5 52 58 66 (2626)
36 40 48 5 52 58 7 (2617)
36 40 48 5 52 60 62 (2600)
36 40 48 5 52 60 66 (2627)
36 40 48 5 58 60 62 (2611)
36 40 48 5 58 60 66 (2637)
36 40 48 5 58 60 7 (2604)
36 40 48 52 56 58 60 (2755)
36 40 48 52 56 58 62 (2695)
36 40 48 52 56 58 66 (2643)
36 40 48 52 56 58 7 (2679)
36 40 48 52 56 60 62 (2669)
36 40 48 52 56 60 66 (2644)
36 40 48 52 56 60 7 (2656)
36 40 48 52 58 60 62 (2799)
36 40 48 52 58 60 66 (2811)
36 40 48 52 58 60 7 (2805)
36 40 48 52 58 60 9 (2615)
36 40 48 52 58 62 66 (2692)
36 40 48 52 58 62 7 (2705)
36 40 48 52 58 66 7 (2696)
36 40 48 52 60 62 66 (2692)
36 40 48 52 60 62 7 (2681)
36 40 48 52 60 66 7 (2697)
36 40 48 56 58 60 62 (2674)
36 40 48 56 58 60 66 (2648)
36 40 48 56 58 60 7 (2660)
36 40 48 58 60 62 66 (2703)
36 40 48 58 60 62 7 (2692)
36 40 48 58 60 66 7 (2707)
36 40 5 52 56 58 60 (2634)
36 40 5 52 56 58 62 (2608)
36 40 5 52 58 60 62 (2692)
36 40 5 52 58 60 66 (2703)
36 40 5 52 58 60 7 (2685)
36 40 5 52 58 62 66 (2604)
36 40 5 52 58 62 7 (2626)
36 40 5 52 60 62 66 (2604)
36 40 5 58 60 62 66 (2615)
36 40 5 58 60 66 7 (2605)
36 40 52 56 58 60 62 (2761)
36 40 52 56 58 60 66 (2720)
36 40 52 56 58 60 7 (2747)
36 40 52 56 58 62 66 (2639)
36 40 52 56 58 62 7 (2705)
36 40 52 56 58 66 7 (2623)
36 40 52 56 60 62 66 (2639)
36 40 52 56 60 62 7 (2661)
36 40 52 56 60 66 7 (2624)
36 40 52 58 60 62 66 (2769)
36 40 52 58 60 62 7 (2773)
36 40 52 58 60 66 7 (2773)
36 40 52 58 62 66 7 (2654)
36 40 52 60 62 66 7 (2654)
36 40 56 58 60 62 66 (2644)
36 40 56 58 60 62 7 (2666)
36 40 56 58 60 66 7 (2628)
36 40 58 60 62 66 7 (2665)
36 48 5 52 58 60 62 (2613)
36 48 5 52 58 60 66 (2646)
36 48 5 52 58 60 7 (2613)
36 48 52 56 58 60 62 (2683)
36 48 52 56 58 60 66 (2666)
36 48 52 56 58 60 7 (2679)
36 48 52 56 58 62 7 (2607)
36 48 52 58 60 62 66 (2707)
36 48 52 58 60 62 7 (2696)
36 48 52 58 60 66 7 (2720)
36 48 58 60 62 66 7 (2603)
36 5 52 58 60 62 66 (2617)
36 5 52 58 60 66 7 (2614)
36 52 56 58 60 62 66 (2653)
36 52 56 58 60 62 7 (2675)
36 52 56 58 60 66 7 (2646)
36 52 58 60 62 66 7 (2669)
40 48 5 52 58 60 62 (2626)
40 48 5 52 58 60 66 (2652)
40 48 5 52 58 60 7 (2619)
40 48 52 56 58 60 62 (2695)
40 48 52 56 58 60 66 (2669)
40 48 52 56 58 60 7 (2681)
40 48 52 56 58 62 7 (2619)
40 48 52 58 60 62 66 (2718)
40 48 52 58 60 62 7 (2707)
40 48 52 58 60 66 7 (2722)
40 48 52 58 62 66 7 (2603)
40 48 52 60 62 66 7 (2603)
40 48 56 58 60 62 7 (2600)
40 48 58 60 62 66 7 (2614)
40 5 52 56 58 60 62 (2659)
40 5 52 56 58 60 66 (2639)
40 5 52 56 58 60 7 (2639)
40 5 52 56 58 62 7 (2611)
40 5 52 58 60 62 66 (2701)
40 5 52 58 60 62 7 (2679)
40 5 52 58 60 66 7 (2691)
40 5 58 60 62 66 7 (2603)
40 52 56 58 60 62 66 (2736)
40 52 56 58 60 62 7 (2758)
40 52 56 58 60 62 9 (2601)
40 52 56 58 60 66 7 (2720)
40 52 56 58 62 66 7 (2639)
40 52 56 60 62 66 7 (2639)
40 52 58 60 62 66 7 (2751)
40 56 58 60 62 66 7 (2644)
48 52 56 58 60 62 66 (2602)
48 52 56 58 60 62 7 (2609)
48 52 58 60 62 66 7 (2618)
5 52 58 60 62 66 7 (2605)
52 56 58 60 62 66 7 (2653)
25 29 36 40 48 52 58 60 (2664)
25 29 36 40 52 58 60 62 (2608)
25 29 36 40 52 58 60 66 (2606)
25 29 36 40 52 58 60 7 (2607)
29 3 36 40 52 58 60 7 (2604)
29 34 36 40 48 5 52 58 (2647)
29 34 36 40 48 5 52 60 (2624)
29 34 36 40 48 5 58 60 (2632)
29 34 36 40 48 52 56 58 (2642)
29 34 36 40 48 52 56 60 (2619)
29 34 36 40 48 52 58 60 (2770)
29 34 36 40 48 52 58 62 (2679)
29 34 36 40 48 52 58 66 (2677)
29 34 36 40 48 52 58 7 (2686)
29 34 36 40 48 52 60 62 (2655)
29 34 36 40 48 52 60 66 (2678)
29 34 36 40 48 52 60 7 (2663)
29 34 36 40 48 56 58 60 (2623)
29 34 36 40 48 58 60 62 (2664)
29 34 36 40 48 58 60 66 (2686)
29 34 36 40 48 58 60 7 (2671)
29 34 36 40 5 52 56 58 (2610)
29 34 36 40 5 52 58 60 (2715)
29 34 36 40 5 52 58 62 (2657)
29 34 36 40 5 52 58 66 (2624)
29 34 36 40 5 52 58 7 (2655)
29 34 36 40 5 52 60 62 (2613)
29 34 36 40 5 52 60 66 (2625)
29 34 36 40 5 52 60 7 (2612)
29 34 36 40 5 58 60 62 (2622)
29 34 36 40 5 58 60 66 (2633)
29 34 36 40 5 58 60 7 (2620)
29 34 36 40 52 56 58 60 (2710)
29 34 36 40 52 56 58 62 (2673)
29 34 36 40 52 56 58 66 (2602)
29 34 36 40 52 56 58 7 (2662)
29 34 36 40 52 56 60 62 (2629)
29 34 36 40 52 56 60 66 (2603)
29 34 36 40 52 56 60 7 (2619)
29 34 36 40 52 58 60 62 (2747)
29 34 36 40 52 58 60 66 (2754)
29 34 36 40 52 58 60 7 (2754)
29 34 36 40 52 58 62 66 (2644)
29 34 36 40 52 58 62 7 (2683)
29 34 36 40 52 58 66 7 (2647)
29 34 36 40 52 60 62 66 (2644)
29 34 36 40 52 60 62 7 (2639)
29 34 36 40 52 60 66 7 (2648)
29 34 36 40 56 58 60 62 (2634)
29 34 36 40 56 58 60 66 (2607)
29 34 36 40 56 58 60 7 (2623)
29 34 36 40 58 60 62 66 (2653)
29 34 36 40 58 60 62 7 (2648)
29 34 36 40 58 60 66 7 (2656)
29 34 36 48 5 52 58 60 (2641)
29 34 36 48 52 56 58 60 (2640)
29 34 36 48 52 58 60 62 (2667)
29 34 36 48 52 58 60 66 (2698)
29 34 36 48 52 58 60 7 (2684)
29 34 36 48 58 60 66 7 (2600)
29 34 36 5 52 58 60 62 (2624)
29 34 36 5 52 58 60 66 (2642)
29 34 36 5 52 58 60 7 (2629)
29 34 36 52 56 58 60 62 (2641)
29 34 36 52 56 58 60 66 (2623)
29 34 36 52 56 58 60 7 (2640)
29 34 36 52 58 60 62 66 (2656)
29 34 36 52 58 60 62 7 (2651)
29 34 36 52 58 60 66 7 (2668)
29 34 40 48 5 52 58 60 (2649)
29 34 40 48 52 56 58 60 (2644)
29 34 40 48 52 58 60 62 (2681)
29 34 40 48 52 58 60 66 (2703)
29 34 40 48 52 58 60 7 (2688)
29 34 40 48 58 60 62 66 (2602)
29 34 40 48 58 60 66 7 (2605)
29 34 40 5 52 56 58 60 (2663)
29 34 40 5 52 56 58 62 (2636)
29 34 40 5 52 56 58 7 (2619)
29 34 40 5 52 58 60 62 (2710)
29 34 40 5 52 58 60 66 (2721)
29 34 40 5 52 58 60 7 (2708)
29 34 40 5 52 58 62 66 (2623)
29 34 40 5 52 58 62 7 (2650)
29 34 40 5 52 58 66 7 (2618)
29 34 40 5 52 60 62 66 (2623)
29 34 40 5 52 60 62 7 (2606)
29 34 40 5 52 60 66 7 (2619)
29 34 40 5 58 60 62 66 (2632)
29 34 40 5 58 60 62 7 (2615)
29 34 40 5 58 60 66 7 (2627)
29 34 40 52 56 58 60 62 (2726)
29 34 40 52 56 58 60 66 (2699)
29 34 40 52 56 58 60 7 (2715)
29 34 40 52 56 58 62 66 (2623)
29 34 40 52 56 58 62 7 (2678)
29 34 40 52 56 58 66 7 (2608)
29 34 40 52 56 60 62 66 (2623)
29 34 40 52 56 60 62 7 (2634)
29 34 40 52 56 60 66 7 (2609)
29 34 40 52 58 60 62 66 (2741)
29 34 40 52 58 60 62 7 (2736)
29 34 40 52 58 60 66 7 (2744)
29 34 40 52 58 62 66 7 (2634)
29 34 40 52 60 62 66 7 (2634)
29 34 40 56 58 60 62 66 (2628)
29 34 40 56 58 60 62 7 (2639)
29 34 40 56 58 60 66 7 (2613)
29 34 40 58 60 62 66 7 (2643)
29 34 48 52 58 60 62 66 (2605)
29 34 48 52 58 60 66 7 (2617)
29 34 5 52 56 58 60 62 (2603)
29 34 5 52 58 60 62 66 (2634)
29 34 5 52 58 60 62 7 (2617)
29 34 5 52 58 60 66 7 (2636)
29 34 52 56 58 60 62 66 (2635)
29 34 52 56 58 60 62 7 (2646)
29 34 52 56 58 60 66 7 (2629)
29 34 52 58 60 62 66 7 (2646)
29 36 40 48 5 52 58 60 (2698)
29 36 40 48 5 52 58 62 (2619)
29 36 40 48 5 52 58 66 (2622)
29 36 40 48 5 52 58 7 (2614)
29 36 40 48 5 52 60 66 (2623)
29 36 40 48 5 58 60 62 (2606)
29 36 40 48 5 58 60 66 (2633)
29 36 40 48 5 58 60 7 (2601)
29 36 40 48 52 56 58 60 (2742)
29 36 40 48 52 56 58 62 (2680)
29 36 40 48 52 56 58 66 (2635)
29 36 40 48 52 56 58 7 (2672)
29 36 40 48 52 56 60 62 (2656)
29 36 40 48 52 56 60 66 (2636)
29 36 40 48 52 56 60 7 (2649)
29 36 40 48 52 58 60 62 (2786)
29 36 40 48 52 58 60 66 (2803)
29 36 40 48 52 58 60 7 (2798)
29 36 40 48 52 58 60 9 (2609)
29 36 40 48 52 58 62 66 (2684)
29 36 40 48 52 58 62 7 (2698)
29 36 40 48 52 58 66 7 (2692)
29 36 40 48 52 60 62 66 (2684)
29 36 40 48 52 60 62 7 (2674)
29 36 40 48 52 60 66 7 (2693)
29 36 40 48 56 58 60 62 (2661)
29 36 40 48 56 58 60 66 (2640)
29 36 40 48 56 58 60 7 (2653)
29 36 40 48 58 60 62 66 (2695)
29 36 40 48 58 60 62 7 (2685)
29 36 40 48 58 60 66 7 (2703)
29 36 40 5 52 56 58 60 (2629)
29 36 40 5 52 56 58 62 (2601)
29 36 40 5 52 58 60 62 (2687)
29 36 40 5 52 58 60 66 (2699)
29 36 40 5 52 58 60 7 (2682)
29 36 40 5 52 58 62 66 (2600)
29 36 40 5 52 58 62 7 (2623)
29 36 40 5 52 60 62 66 (2600)
29 36 40 5 58 60 62 66 (2611)
29 36 40 5 58 60 66 7 (2603)
29 36 40 52 56 58 60 62 (2748)
29 36 40 52 56 58 60 66 (2712)
29 36 40 52 56 58 60 7 (2740)
29 36 40 52 56 58 62 66 (2631)
29 36 40 52 56 58 62 7 (2698)
29 36 40 52 56 58 66 7 (2619)
29 36 40 52 56 60 62 66 (2631)
29 36 40 52 56 60 62 7 (2654)
29 36 40 52 56 60 66 7 (2620)
29 36 40 52 58 60 62 66 (2761)
29 36 40 52 58 60 62 7 (2766)
29 36 40 52 58 60 66 7 (2769)
29 36 40 52 58 62 66 7 (2650)
29 36 40 52 60 62 66 7 (2650)
29 36 40 56 58 60 62 66 (2636)
29 36 40 56 58 60 62 7 (2659)
29 36 40 56 58 60 66 7 (2624)
29 36 40 58 60 62 66 7 (2661)
29 36 48 5 52 58 60 62 (2608)
29 36 48 5 52 58 60 66 (2642)
29 36 48 5 52 58 60 7 (2610)
29 36 48 52 56 58 60 62 (2670)
29 36 48 52 56 58 60 66 (2658)
29 36 48 52 56 58 60 7 (2672)
29 36 48 52 56 58 62 7 (2600)
29 36 48 52 58 60 62 66 (2699)
29 36 48 52 58 60 62 7 (2689)
29 36 48 52 58 60 66 7 (2716)
29 36 5 52 58 60 62 66 (2613)
29 36 5 52 58 60 66 7 (2612)
29 36 52 56 58 60 62 66 (2645)
29 36 52 56 58 60 62 7 (2668)
29 36 52 56 58 60 66 7 (2642)
29 36 52 58 60 62 66 7 (2665)
29 40 48 5 52 58 60 62 (2621)
29 40 48 5 52 58 60 66 (2648)
29 40 48 5 52 58 60 7 (2616)
29 40 48 52 56 58 60 62 (2682)
29 40 48 52 56 58 60 66 (2661)
29 40 48 52 56 58 60 7 (2674)
29 40 48 52 56 58 62 7 (2612)
29 40 48 52 58 60 62 66 (2710)
29 40 48 52 58 60 62 7 (2700)
29 40 48 52 58 60 66 7 (2718)
29 40 48 58 60 62 66 7 (2610)
29 40 5 52 56 58 60 62 (2654)
29 40 5 52 56 58 60 66 (2635)
29 40 5 52 56 58 60 7 (2636)
29 40 5 52 56 58 62 7 (2608)
29 40 5 52 58 60 62 66 (2697)
29 40 5 52 58 60 62 7 (2676)
29 40 5 52 58 60 66 7 (2689)
29 40 5 58 60 62 66 7 (2601)
29 40 52 56 58 60 62 66 (2728)
29 40 52 56 58 60 62 7 (2751)
29 40 52 56 58 60 66 7 (2716)
29 40 52 56 58 62 66 7 (2635)
29 40 52 56 60 62 66 7 (2635)
29 40 52 58 60 62 66 7 (2747)
29 40 56 58 60 62 66 7 (2640)
29 48 52 56 58 60 62 7 (2602)
29 48 52 58 60 62 66 7 (2614)
29 5 52 58 60 62 66 7 (2603)
29 52 56 58 60 62 66 7 (2649)
34 36 40 48 5 52 58 60 (2627)
34 36 40 48 52 56 58 60 (2622)
34 36 40 48 52 58 60 62 (2659)
34 36 40 48 52 58 60 66 (2681)
34 36 40 48 52 58 60 7 (2664)
34 36 40 5 52 58 60 62 (2617)
34 36 40 5 52 58 60 66 (2628)
34 36 40 5 52 58 60 7 (2613)
34 36 40 52 56 58 60 62 (2633)
34 36 40 52 56 58 60 66 (2606)
34 36 40 52 56 58 60 7 (2620)
34 36 40 52 58 60 62 66 (2648)
34 36 40 52 58 60 62 7 (2641)
34 36 40 52 58 60 66 7 (2649)
34 40 5 52 58 60 62 66 (2627)
34 40 5 52 58 60 62 7 (2608)
34 40 5 52 58 60 66 7 (2620)
34 40 52 56 58 60 62 66 (2627)
34 40 52 56 58 60 62 7 (2636)
34 40 52 56 58 60 66 7 (2610)
34 40 52 58 60 62 66 7 (2636)
36 40 48 5 52 58 60 62 (2600)
36 40 48 5 52 58 60 66 (2626)
36 40 48 52 56 58 60 62 (2669)
36 40 48 52 56 58 60 66 (2643)
36 40 48 52 56 58 60 7 (2655)
36 40 48 52 58 60 62 66 (2692)
36 40 48 52 58 60 62 7 (2681)
36 40 48 52 58 60 66 7 (2696)
36 40 5 52 58 60 62 66 (2604)
36 40 52 56 58 60 62 66 (2639)
36 40 52 56 58 60 62 7 (2661)
36 40 52 56 58 60 66 7 (2623)
36 40 52 58 60 62 66 7 (2654)
40 48 52 58 60 62 66 7 (2603)
40 52 56 58 60 62 66 7 (2639)
29 34 36 40 48 5 52 58 60 (2623)
29 34 36 40 48 52 56 58 60 (2618)
29 34 36 40 48 52 58 60 62 (2655)
29 34 36 40 48 52 58 60 66 (2677)
29 34 36 40 48 52 58 60 7 (2662)
29 34 36 40 5 52 58 60 62 (2613)
29 34 36 40 5 52 58 60 66 (2624)
29 34 36 40 5 52 58 60 7 (2611)
29 34 36 40 52 56 58 60 62 (2629)
29 34 36 40 52 56 58 60 66 (2602)
29 34 36 40 52 56 58 60 7 (2618)
29 34 36 40 52 58 60 62 66 (2644)
29 34 36 40 52 58 60 62 7 (2639)
29 34 36 40 52 58 60 66 7 (2647)
29 34 40 5 52 58 60 62 66 (2623)
29 34 40 5 52 58 60 62 7 (2606)
29 34 40 5 52 58 60 66 7 (2618)
29 34 40 52 56 58 60 62 66 (2623)
29 34 40 52 56 58 60 62 7 (2634)
29 34 40 52 56 58 60 66 7 (2608)
29 34 40 52 58 60 62 66 7 (2634)
29 36 40 48 5 52 58 60 66 (2622)
29 36 40 48 52 56 58 60 62 (2656)
29 36 40 48 52 56 58 60 66 (2635)
29 36 40 48 52 56 58 60 7 (2648)
29 36 40 48 52 58 60 62 66 (2684)
29 36 40 48 52 58 60 62 7 (2674)
29 36 40 48 52 58 60 66 7 (2692)
29 36 40 5 52 58 60 62 66 (2600)
29 36 40 52 56 58 60 62 66 (2631)
29 36 40 52 56 58 60 62 7 (2654)
29 36 40 52 56 58 60 66 7 (2619)
29 36 40 52 58 60 62 66 7 (2650)
29 40 52 56 58 60 62 66 7 (2635)